2020年02月21日,【地评线】荔枝网评：全民战“疫”，凝聚必胜力量_荔枝网新闻,荔枝新闻,trog特约评论员申可玉trog透过战“疫”烽烟，我们看到国家坚定、人民坚毅，万众一心、众志成城。有了这样气概和精神的“必胜力量”，我们就没有过不去的“火焰山”，没有战胜不了的疫情！（申可玉）
2020年02月21日,韩国海陆空三军均出现新冠肺炎病例，至少已调查千人_荔枝网新闻,环球时报,根据韩国媒体报道，20日韩国首次出现军人感染新冠病毒的病例，该名军人在济州海军部队工作，截至21日韩国陆海空三军均已出现病例。鉴于军队是集体学习、工作、生活为典型特征的群体，韩军人员是否会发生群体感染事件值得关注。韩国《中央日报》21日报道，忠南鸡龙台的一名空军军官和忠清北道曾坪郡一陆军官兵确诊感染新冠肺炎。大邱和庆尚北道近日出现大规模集体感染，成为韩国的主要疫区。目前韩国军方正在对本月初曾到大邱和庆尚北道地区休假的官兵人数进行调查。据军方人士透露，初步调查显示，部队本月10日后去过大邱和庆北地区的官兵有1000多人，预计综合海陆空三军的调查结果后这一数字会更多。为防止疫情扩散，韩国国防部决定从22日起限制官兵休假、外出、外宿和探视，但退役前休假、丧假等特殊情况例外。因为军队人员集体生活的特殊性，和军事的高度敏感性，自从新冠肺炎暴发以来，多国军队都采取了相应的管理措施。为了保证韩军人员的安全，韩国空军黑鹰特技飞行表演队此前宣布退出2020年新加坡航展。根据韩联社报道，早在2月3日，韩国国防部对800名士兵采取了隔离措施。这些被隔离的士兵有一些是最近访问了中国或周边地区，有一些是与来自这些地区的访客有过接触。此外，韩国国防部还将原定于3月2日在全国范围内启动的、对275万预备役部队进行的常规训练推迟到4月17日之后举行。韩国卫生部还推迟了对有访华记录的应征入伍者的体检。一位军事专家21日对《环球时报》表示，作为国家武装力量，军队有其特殊性，随时担负战斗任务，因此必须要保证部队官兵的身体健康。其次，军队是集体学习、集体工作，集体生活为典型特征的特殊群体，如果在部队人员中出现感染事件，不能及时发现，及时采取措施，传播有可能比地方更快，感染人数比地方更多，必然会影响部队的训练和战备，从而使国家国防力量受到很大损伤，不能有效应对突发情况或可能的战争。这对一个国家来说同样是一场重大危机。随着韩国新冠肺炎的暴增，驻韩美军在官网发布公告表示，将对朝鲜半岛内驻韩美军兵力和设施的武汉肺炎危险级别从“低度”提升至“中度”。这是疫情扩散以来驻韩美军首次上调危险级别。同时，驻韩美军暂时关闭位于大邱的美军基地。从20日起原则上禁止非必需任务和公务目的访客出入，并且禁止驻韩美军官兵到大邱旅行。驻韩美军司令、上将艾布兰宣布，自2月9日起至今，曾访问过大邱新天地教会的所有工作人员都必须进行自我隔离;同时建议家属、非军方雇员也进行高强度的自我隔离。驻韩美军大邱基地和营区内的学校、儿童开发中心、儿童保育设施活动即日起暂时关闭，是否重新开放将以24小时为单位更新消息。驻韩美军在2月2日就采取相关措施。路透社报道，美国驻韩部队(USFK)表示，从2月2日开始，所有于最近去过中国的军人均进行为期14天的自我隔离。该政策仅适用于美军人员，同时也鼓励军人家属、国防部文职人员、承包商和其他人员采取类似自愿措施。事实上，美国五角大楼为疫情做了更高级别更全面的计划。根据美国《军事时报》2月7日报道，美国北方司令部正在执行五角大楼颁布的一项计划，为新型冠状病毒的潜在“全球大流行”做准备。该文件被称为国防部全球大流行性流感和传染病的全球战役计划3551-13，是五角大楼用于规划和准备广泛传播流感和先前未知疾病的蓝图。内容涉及“应对，隔离，检疫，限制行动和基于社区的干预”，以及制定措施以遏制和治疗可能暴露的人。海军中将麦克·哈特菲尔德说，“进行计划绝不表示计划表明事件发展的可能性，但为职业军人，为各种紧急情况做计划是我们对美国人民应负的责任。”美国海军陆战队发布的信息显示，指挥官应审查其疾病遏制计划，并采取“准备和预防措施”以保护服役人员，设施和船只。海军陆战队的任务是“为新冠肺炎的潜在暴发做好准备。”该部队必须“减轻影响，作出反应，并从中恢复，以保持部队随时待命。”美军从2月2日起开始采取措施，对到过中国的军人采取隔离措施;医疗部门每天通过电话或亲自对受限服务人员进行发烧评估，如果接受医疗检查，则要穿戴防护装备。如果这些人员表现出症状，则必须寻求医疗救助，但请先致电其军事治疗机构以告知其旅行情况。美国海军的规定中限制区域包括香港和澳门，并赋予指挥官灵活性，以决定是否需要限制与到该地区旅行的人有密切联系的现役军人。新加坡也是一个新冠肺炎疫情较为严重的国家。新加坡国防部2月13日宣布，有鉴于新冠肺炎疫情，暂时关闭新加坡武装部队体能训练中心，以避免过多战备军人因为体能测试和训练，聚集在这个拥挤的场所。新加坡国防部将继续根据疫情采取额外的措施，并调整相关政策，确保国民服役人员的健康。尽管如此，新加坡16日新增的三例确诊病例中包括一名1名43岁的新加坡空军部队职员，该职员曾到过神召会恩典堂的东陵教堂。在当日新加坡全国75例确诊案例中，有18例与该教堂有关。新加坡国防部随后表示，武装部队已对该名军人去过的场所进行消毒。据中国《人民海军》报1月29日消息，当天海军党委常委会专题研究疫情防控工作，要求加强营区管控，实行封闭式管理，对部队人员要强化观测和监控，营区外的活动尽可能调整或减少，确有需要的要严格审核报批，做到严防死守、滴水不漏。微信公众号“国防大学”2月1日发布题为“国防大学致逗留湖北地区探亲休假同志的慰问信”，信中表明，“待疫情平稳后，大学统一安排大家返校。”据“国防科大”微信公众号报道，2月17日上午，国防科大校长黎湘带队检查了长沙校区疫情防控工作。报道提及，黎湘询问了教练勤务营汽车连疫情防控措施、军车出行消毒、驾驶员就餐等情况;并查看了2个隔离点隔离人员住宿、返回人员健康监测等。这表明解放军对人员和设施都采取了相应措施，军车外出回来要消毒，人员返校要隔离。
2020年02月21日,关于成都市治愈患者复检核酸阳性官方通报_荔枝网新闻,成都商报,原标题：关于成都市治愈患者复检核酸阳性官方通报今日，@成都市公卫中心在微博发布《情况通报》，原文如下：2月19日，成都市锦江区望江锦园一治愈出院后居家隔离康复的新型冠状病毒肺炎患者，接受有关机构复检核酸阳性。2月10日，按照国家《新型冠状病毒肺炎诊疗方案》（试行第五版），该患者符合相关出院指征要求，准予出院，出院医嘱继续居家隔离康复14天，定期接受随访和复诊。19日复检阳性后，患者已收入我院进一步复核。此类情况在外地已有相关报道。新型冠状病毒是一种新型病原，科学认知仍在不断完善，我院将严格按照国家诊疗方案要求开展患者救治工作。患者出院后要严格遵从医嘱，严格坚持居家隔离康复14天，做到居室通风、讲究卫生、规范洗手，做好自我健康监测，并按要求接受随访和复诊。责任编辑：张玉
2020年02月21日,非洲有爱 南非湖南商会捐赠抗疫物资_荔枝网新闻,人民网,人民网讯2020年春节，原本是我国一个举国欢庆万家团圆的盛大节日，然而，春节前夕突如其来的新冠肺炎彻底打乱了这段喜庆的日子。一时间人人自危气氛紧张、全国医务工作者紧急集结回到自己工作岗位上、一个个医疗队专家组驰援武汉，全国医疗防护物资陡然告紧，各地抗疫战就此拉开序幕。“20多年没有一大家子聚在湖南过年了，这次是组织全家老少大小特意从南非回湖南株洲过年，没想到遇到了这次始料未及的疫情”，南非湖南商会会长的黄波说。疫情严重，商会能做什么？特别是商会副会长龙茂生一句“我要捐款，如果疫情得不到控制，我们留钱还有何用？”让他非常感动。此时，国内疫情形势正日益严峻，一夜之间全球的华人似乎都开始了行动，各种捐赠倡议接踵而至。南非也不例外，各地大小药店到处都是华人忙碌的身影。南非湖南人本来就不多，男女老少全部加起来也不过两三百人，这个春节大家相约一起回国过年此时绝大部分商会干部和家属都在国内，留在南非的都是一个萝卜一个坑需要上班的，如果要捐赠谁去办？鼠年初一拜年已经不是主题，组织商会力量将医疗防护物资紧急援助回国内才是商会的头等大事，黄波会长打了一天电话。终于在1月31日完成了十万个医用口罩的筹备，并且为了能早日争取到飞机舱位，把300多箱口罩压缩成了57件件。而这一天，也正是世卫组织宣布新冠病毒已构成国际突发的紧急卫生事件的一天，全球往来中国的国际航班已骤减，大批中国游客滞留海外，物资的运输也已非常紧张，南非直航中国的航线已经只剩下中国国航一周两架次的航班。尽管国航航班的货舱已经开始免费优先运送疫情捐赠物资、尽管中国驻南非使领馆在积极协调，但南非侨界的各类待运物资已经让国航应接不暇不堪。刻不容缓，说干就干，常务副会长杜学军和副会长龙茂生赶紧利用自己平时的工作优势，很快联系到三个旅行团，导游和团员都答应无条件爱心带货！2月2日一早，他们拉着货赶到机场与两个热心的旅行团一起办理了托运手续，看着第一批24件捐赠物资缓缓进了机场才离开。遗憾的是2月3日的旅行团因航班临时取消，最后也没有找到合适的带货人，只好拉了回去。黄波会长就组建了两个工作群，一个是南非湖南商会物资筹备群，负责南非那边的筹备和运输；另一个是在湖南省侨联的协调下组建的捐赠物资湖南援接群，由他和湖南省侨联、湖南省红十字会、湖南省口岸办、长沙海关以及海归志愿者联合组成，为这批物资在国内的进关、运输和分发随时提供高效快捷的保障。两个工作群一直在不分昼夜在沟通交流，时刻交流着物资的每一步进展情况。2月8日，物流公司终于有了新的消息：已经更换新的航班航线，立即重新准备资料完成报关，随时可能上飞机！又是几方联动，直到南非时间2月10日第二批33件物资才得以登机飞往香港，北京时间11日抵达香港国际机场。再次一波三折，2月13日一早黄波会长收到物流公司信息，因为疫情期间交通管制，物流公司原计划安排的货运车辆取消了，他们连夜送去发了顺丰快递，预计2月15日到长沙！2月15日是这个冬季湖南最冷的一天，但寒冷和大风大雨也阻止不了大家心中的喜悦，南非湖南商会捐赠的第二批33件抗疫物资漂洋过海、从南半球到北半球、经历三周漫长的时间曲折经历，克服重重困难终于抵达长沙！湖南省侨联党组书记黄芳女士亲自安排了这批捐赠物资的分发，第一时间就由株洲、邵阳、岳阳、永州四地侨联安排车辆送到最需要的地方。黄波会长的感言：“虽是杯水车薪，但却是我们海外游子的拳拳爱国之心，我很荣幸当祖国需要我们的我们还能为她做点什么！任何时候，只要祖国需要，我们都义不容辞地站出来。祖国关心着我们，我们心里也时刻装着国和家，全天下的华人，一起加油一起努力！”!--分页--
2020年02月21日,2月21日0-12时，上海无新增新冠肺炎确诊病例_荔枝网新闻,荔枝新闻,trog荔枝新闻讯 trog 据上海市卫建委消息，2020年2月21日0-12时，上海市排除新型冠状病毒肺炎疑似病例20例；新增治愈出院12例；无新增确诊病例。截至2月21日12时，上海市已累计排除疑似病例2030例，发现确诊病例334例。确诊病例中，男性173例，女性161例；年龄最大88岁，最小7月龄；144例有湖北居住或旅行史，33例有湖北以外地区居住或旅行史，157例有相关病例接触史；外地来沪人员110例，本市常住人口224例。目前，107例病情平稳，11例病情危重，3例重症，211例治愈出院，2例死亡。尚有105例疑似病例正在排查中。
2020年02月21日,湖北监狱系统确诊新冠肺炎病例271例_荔枝网新闻,湖北日报,2月21日，记者从湖北省监狱管理局获悉，湖北省监狱系统共有新冠肺炎确诊病例271例，其中湖北省武汉女子监狱确诊230例，湖北省沙洋汉津监狱确诊41例，均为输入型病例。新冠肺炎疫情发生后，湖北省监狱系统严格落实党中央、国务院联防联控机制要求，在省委省政府统一领导下，全面彻底排查，对疑似病例及其密切接触者一律隔离观察，对确诊患者一律送诊治疗，确保全部得到及时救治。目前，全省没有发生监狱在押罪犯感染新冠肺炎死亡事件。两所监狱新冠疫情发生后，司法部、省司法厅、省监狱局已派工作组对监狱疫情防控工作进行督导。湖北省武汉女子监狱因防控工作不力，监狱长被免职；湖北省沙洋汉津监狱一名干警因未如实报告生活轨迹，被给予党内严重警告处分。目前，湖北省监狱局将对监狱实施更加严格的全封闭管理，坚决堵住漏洞，防止疫情扩散蔓延。
2020年02月21日,新西兰部分大学请求政府豁免中国留学生旅行禁令_荔枝网新闻,中国新闻网,据新西兰中文先驱网编译报道，目前，新西兰部分大学已经向政府申请，希望能够豁免上万名中国留学生的旅行禁令。政府方面称，旨在阻止新冠肺炎传播的旅行禁令，已经导致11280名（占总比41%）中国留学生无法按计划抵达新西兰上学。被困中国的留学生中，有6742人（在新西兰大学的中国留学生中占比53%）是大学生，2225人为中小学生（占比30%），还有1128人为专科学生（占比41%）。本次禁令生效时间为2月2日，当时规定的有效期为14天。当地时间2月15日，卫生部长DvidClrk宣布，将旅行禁令延期8天。新西兰大学联合会（UiveritieNewZeld）负责人ChriWhel称，无法进入新西兰的留学生生活受到了影响。“在我们看来这是非常严重的。”Whel说，他表示新西兰的大学已经建议政府豁免留学生的旅行禁令。而这一豁免的前提是：“只有在卫生部的全力协助下我们才有能力做到，我们肯定会遵循该部做出的指导意见。挑战肯定是有，但我们期盼能够在这个方面做点什么。”总理JcidArder确认，政府正在和大学探讨以上事宜，但目前还没有结果。
2020年02月21日,“新冠”病愈后：有人整理遗物 有人重拾夙愿_荔枝网新闻,新京报,2月13日，余华离开医院、回到家中，多日未相见的女儿想念妈妈，张开双手要一个抱抱，余华硬下心肠拒绝了——这个拥抱还要延期14天，好在不是遥遥无期。“新冠”疫情蔓延近三个月，阴影逐渐淡去。2月18日，全国新增出院病例数首次超过新增确诊病例数，越来越多的患者走出隔离病房，得以直接沐浴阳光。疾病带来的伤痛，比疾病本身更难消退。郁华痊愈出院，家中却无人迎接他的归来——老伴在照顾他时被感染，正在医院接受治疗；弓露将自己关进“小黑屋”，躺在父亲曾躺过的床上、看着父亲留下的书籍和乐器，遗憾自己从不曾告诉父亲，“你是我的偶像”。不过，因病毒而支离破碎的生活，正在伤痛中缓慢而坚定地重建。痊愈者们，有的下定决心重拾梦想，有的期待隔离期满、重返医疗前线。trog出院后我开始整理父亲的遗物trogtrog讲述者：弓露trogtrog女38岁新冠肺炎临床诊断患者trog我回来后把自己关进了“小黑屋”——家里有一个房间空着，我就住在这个房间里，所有吃喝都是妈妈管，她放在门口，我自己去拿。吃饭的碗筷，她会戴手套去拿。家里经常消毒，拖地，用酒精擦一擦。住院之前，我一个人在房间里呆了四天，后来因为症状加重，才去医院住院治疗。说实话，回来还是不适应，住院18天，有点长，回来感觉把家里人惊动了，啥事也不能干，小孩也不能管、饭也不能做，都是妈妈照顾，她今年快七十岁了。我住院的时候，他们心里挂念，但是生活不用管。我不太习惯别人照顾我，比较喜欢去分担，喜欢大家一起去做。我住的“小黑屋”是爸妈的主卧，打算把爸爸留下的东西整理一下。爸爸工作了三四十年，在一家工厂里当小领导，是老一辈的实干家。我们家的事都是爸爸说了算，他的地位是第一位的，一言九鼎。不清楚爸爸是怎么感染的。他有支气管炎，一月十几日开始感冒、咳嗽，我叮嘱他去医院看病。当时武汉市知道“新冠”的人很少，也没有防范意识，就当感冒治。20日前后，他去武汉第四医院打了三天针，病情没有好转。22日，我带他去同济医院发热门诊，才知道了新冠肺炎，看到医生护士都穿得很严实，第一次意识到这个病可能很严重。当时看病的基本都是老人，只要发烧，都往医院跑，我们晚上十点多排队，排到快12点，当时也不知道核酸检测，带的是三四年前拍过的片子，医生看了眼判断结果比较好，开了一针。他当时胸闷气短、呼吸不畅，已经比较难过了，但没地方躺，只能坐在板凳上，找护士要了一个氧气瓶，一边吸氧一边打，一直到凌晨5点多，给他买了早饭，让他勉强吃了一点，但不愿意再排队就医了，说要回家睡觉，我们想着打了针应该会缓解，就回去了。就这么休息了半天，晚上听他发出不舒服的声音，问他好点没有，说没有。我爸爸很好强，有多难受不会描述，只说胸闷，但当时话已经说不太清楚了，觉得不对劲，赶紧带他去医院。那天是1月23日，武汉封城了，在路上拦出租车，基本不停，最后遇上一个善良的司机，把我们拉去了汉阳医院。一边抢救，我老公一边联系住院床位，但没有等到，大年初一的凌晨，爸爸去世了，前后不超过5天。到我呼吸不畅的时候，武汉宣传“新冠”的力度已经比较大了。我不知道自己是什么时候出现肺部感染的，可能是照顾爸爸距离太近，也可能是带他去医院时交叉感染。拍了CT，双肺都有磨玻璃影，然后就开始住院。得了这个病，感觉鼻子不够用，呼吸困难，下不了床，一下床就不停咳嗽、感觉一口气要过去了，就连正常的生理需求也很难完成。我买了板凳、尿盆，前一个星期，都是穿着纸尿裤、坐在板凳上排出来，然后扔在垃圾桶，让保洁阿姨处理。经历变故之后，我的求生欲很强，觉得自己的责任还没有开始承担，还有好多事情要做，我跟自己说，不能倒，要坚强，不能下床的时候，就尽量不取氧气，努力、努力地呼吸。到后面，能正常上厕所了、不会咳得喘不来气了，就知道自己慢慢变好了。“小黑屋”里有很多爸爸的书、乐器、资料，看了都是泪。但，其实也没关系，看到这些，也是一种念想，有时候会想如果怎样该多好。有好多话，是想对我爸说、但说不出来的。他是严父，对我管教很严，我和他的关系，以前并不是特别亲近。我是一个有点自卑的人，工作很拼命，那么努力，都是想让他认可我，我没有他想象得那么差。成家之后，我开始理解他，关系就好了一些。但时间太短了，到现在也才七八年。他一直是我心中的偶像，这句话，我没有机会跟他说，也不好意思说。我从小不是一个幸运的人，买彩票也不会中奖，能这么快住上院、好起来，我觉得是爸爸给我的幸运。可能冥冥之中，他告诉我要长大了，要变成一根柱子，把这个家撑起来。现在最想做的事情，是把自己的家庭料理好，让它恢复正轨。爸爸走了，这个家有点破碎，每个人心里都有一份悲伤，但是不能宣泄，宣泄了就会拉低抵抗力、病毒就会乘虚而入，所以我们咬着牙齿，要好好活着。等隔离期结束，等武汉解封、疫情过去，我要承担自己的责任，好好照顾家人，把这个家像捏面粉一样捏起来。trog隔离期满我会重返一线trogtrog讲述者：余华trogtrog女38岁新冠肺炎确诊患者trog我回到家的那天，家里人特别开心，做了很多好吃的。女儿很久没看到我，想让我抱，但我不能抱她，告诉她妈妈还要隔离14天，她很伤心，回到自己房间里哭。家里房子不大，没法做到单间隔离，只能都戴口罩、勤洗手，吃饭的时候分着吃，有的在阳台、有的在客厅、有的在房间。戴口罩太憋，女儿不愿意戴，这是我唯一担心的事。这几天武汉天气变化快，下了两天雪，回暖的天又降温了。我有点咳嗽，其他都还好。确诊阳性之前，我一直不相信自己会感染上“新冠”。我是一名ICU的护士，在我们病区，有很多心脏术后的患者，咳嗽、发热比较常见，谁也不会往这上面想。气管插管、吸痰是常规操作，我们一直戴着口罩，一开始是外科口罩、后来升级成N95、防护服。但我看护的那位患者，当时没有确诊，我不能下定论是在医院感染的，到今天，我也无法确定被感染的原因。确诊之后，我是恐惧的。最初的症状和感冒差不多，不严重，也没有呼吸困难。后来病情加重，咳嗽频繁、肌肉酸痛，在床上躺着，翻身都困难。最难受的是药物反应，吃了柯立芝和莫西沙星，症状缓解了，但晕眩、恶心，上午吃了药，中午连饭都吃不下。我的身体素质一向不错，从来没有这么难受过，又担心病情会进一步发展，看到一些死亡病例，心中害怕，会偷偷地哭。我一开始住在重症病房，对床有一个病友情况严重、高热不断，安慰我，说我精神挺好、看起来不错，让我恢复了一些信心。想想家里的老人和孩子，跟自己说必须活着，就当是一次感冒，该怎么治就怎么治。后来症状减轻了，情绪慢慢调整过来。之后换了病房，有一个病友年龄大、症状比较重，我也去宽慰她，让她好好吸氧、不要焦虑，告诉她自己也经历了加重和转轻的过程，后来她知道我是护士，比较听得进去，病情也好转了。知道我出院后，有同事来加我微信。其中一位是医院的护工，感染之后呼吸困难、咳嗽，住在方舱医院接受治疗，询问我病情发展情况、怎么治疗、药物反应、后续检查等。其实大家都是医务人员，关于新冠和治疗的信息，网上一搜都有，来找我可能并不是出于获取信息，而是因为害怕。和我聊一聊，他们心里就踏实了，确信这个病是可以治好的，那就很好。当了一次患者，我对护士和患者都加深了理解。以前工作时，遇到来自病人的不理解，自己会有些不平，有时要抱怨几句。得病之后发现，身体难受，心里也会不舒服，需要一个发泄的渠道，以后再遇到激动的患者，我就更能理解他们了。这次经历，也让我看到了护士这个职业的神圣性，他们真的很伟大。在隔离病房里穿着厚厚的防护服，光走路都挺累的，一个病区那么多病人，呼叫铃一响，不管大事小事，他们都要跑过来；护目镜上全是水汽，看东西都很难，还要做各种操作。我能做的只有尽量配合他们，尽量不找他们。SARS期间，电视中冲在一线的医务人员触动了我，那一年，我选择上了护校。疫情来袭，医护人员的确会面临防护的风险，毕竟，这就是一场战争。但我相信，守护病人是医护人员的职责所在，哪怕我们只是站出来，都能给病人信心。我工作的单位也是一家定点医院，还有很多病人需要我，等隔离期满，我会重返一线，不给自己留下遗憾。trog邻床三个病友去世但我不怕死亡trogtrog讲述者：郁华trogtrog男75岁新冠肺炎确诊患者trog我是年前外出买菜时被感染的。要过年了，我去菜市场买些食材，准备年夜饭。感染后潜伏了四天，有了症状，上呼吸道感染、拉肚子、脑袋疼得厉害。大年三十那天就很疲劳，过个年，连春晚都没有看成。1月25日开始发烧，一直烧到2月1日。当时武汉的医疗资源非常紧张，医院人满为患，很难挂上号，老伴是退休医生，我们就自己在家治疗。我在家里用了头孢、抗生素、抗病毒的药，也吃了去火的中药，这个病没有特效药，就对症处理。知道这个病后，我和老伴也进行了隔离，平时也就送饭送水。我1月28日做了核酸检测，结果阳性。到了2月5日，被通知可以进医院了，开始住院治疗。我会关注医生给我开药的情况，如果增加了，就说明严重了，我的病情一直比较平稳。我住42床，41床的病友走了一位，43床走了两位，我在中间，但我不怎么害怕，连医生都觉得奇怪，夸我心态好，问我是做什么职业的。其实我想得很开，我老了，到了这把年纪，走了，也不过是人类自然的新陈代谢。唯一的担忧是传染给别人。出院的前几天，老伴确诊阳性住院了。她胸闷、气喘，但没有发烧，症状比较轻，大概是和我密切接触感染的。我们前后脚住院。期间我们保持联系，互相安慰，互相鼓励。我先进去，知道医院的环境，老伴个性好强、性子急，嘱咐她心气平和，尤其是封闭的环境下，和病友好好相处，不要着急、不要任性。在医院要遵医嘱，听人安排，好好吸氧，不要自己擅自吃药。我们都七十多岁了，是同学，已经算白头偕老了，平时偶尔会吵闹，但感情是不错的。出院回家，自己隔离半个月，也没有什么不方便。以前在家，老伴负责搞卫生，我负责买菜做饭，很习惯做家务，只要不倒下，自己安排自己的生活，没有问题。这期间，打算把卫生搞一下，衣服都消毒，洗了一半，还剩一半，慢慢来；本来想记录一下非常时期的心得体会，但是人老了，眼睛不太好，有时候和朋友同学通电话，聊一聊；累了，就躺一会儿，就是这样的安排。trog人这一辈子说不清生死就在一瞬间trogtrog讲述者：吴三石trogtrog男51岁新冠肺炎确诊患者trog五六岁的时候，我在长江边玩耍，不小心掉进江里，如果没有邻居出手相救，可能就淹死了。51岁感染“新冠”，是我人生中第二次经历生死。一月下旬开始知道有这么个病，朋友圈里时不时流传一些新闻，但当时没确定人传人，不太重视，戴了口罩，但不太习惯，有时候说话不方便，就摘了。1月21日，亲朋好友十多人一起吃了年夜饭，第二天开始有些头疼，测体温发现发烧，第二天去门诊做CT，怀疑新冠，2月3日确诊阳性。我到现在不清楚自己怎么感染的，因为同桌的亲友并没有发病。一开始的症状不太严重，只是头疼。后来开始发烧，持续了12天。住院之后，病情逐渐加重，有三四天，完全吃不下东西。我平时食欲还可以，不挑食，但当时胃肠反应厉害，又饿、又恶心，盒饭吃一口就扔了。我不知道自己会不会好。体温降不下来、东西吃不进去，就觉得病情严重，开始害怕。那段时间，每天恍恍惚惚，脑袋里不太清醒，分不清真实和梦境的区别。住院期间，家人给我打电话，我不想接；发来微信，但指甲已经长得很长，差不多一厘米左右了，触屏写字不方便，也不太想回。在感染之前，我已经有三十多年没进过医院了，刚开始并不觉得严重。到了这个年龄，身体逐渐变差，慢慢怕死了。我住的病房是双人间，我们都拉着帘子，隔壁病友病情严重一点，我们不太交流，这个病是飞沫传播，我怕再被传染。住院初期，每天刷新闻，有时看到死亡案例，心咯噔一下；慢慢好了，就看电视剧，美剧、韩剧，把原来没看完的补上。其实也看不进去，但还是要打发时间。不敢看疫情相关的影片，心里害怕。回了家，分成两个区域，继续隔离。吃饭的时候，老婆给递过来，当面很少交流，偶尔微信上说两句。人这一辈子说不清楚。觉得自己的身体可以活到八九十岁，但意外不知什么时候就来，想做什么就去做。小孩念大学时不爱上课，喜欢音乐，自己写歌，当时我批评他，让他以学业为主，他说等以后工作、结婚、生子，就不再有时间，只有现在才有机会。他倒是说对了，想做的赶紧去做，拖拖拉拉的，可能就做不了了。我也有没有完成的事。小时候喜欢读书，古典诗词的意境很美，工作忙了就放下了。这次好了，打算继续加强这方面的学习，定一个明确的计划，坚持下来。以后要更注意身体，加强锻炼，多和家人联系，保持家庭和睦。生活中有一些小矛盾、利益纠葛，对于后半段的人生，都算不了什么。不要为了一些蝇头小利跟人家去争，家庭和工作，都要和谐一点。（文中患者均为化名）
2020年02月21日,提前上网课还要压缩暑假 孩子们快学秃噜皮了_荔枝网新闻,中国新闻周刊,受新冠肺炎疫情影响，全国多地纷纷延迟开学时间，各地2月不开学。不过，停课不停学，各地相继启动“在家学”模式。第一次大规模地实行在线教学，真实效果一时还难有定论。与此同时，网课模式下老师、家长、学生都不堪其重，负面效应渐次凸显。近日，有广东、山东、四川、陕西等地教育部门提出，为保证总教学时长不减少，开学以后将补足教学进度，实行周末补课或压缩暑假。网课都上了，还要缩短暑假，延迟开学最终发展成用暑假补齐，一时引发热议。trog暑假缩短trog疫情之下，各地开学时间推迟，再推迟。1月27日，教育部发布通知，要求2020年春季学期延迟开学。2月10日是武汉市中小学、幼儿园的春季开学时间，武汉市教育局决定延期。江苏、上海等地将开学推迟时间定在2月17日，没过几天，开学时间再次推迟，延迟到了2月底。截至2月16日，江苏、浙江、上海等地2月底前不开学，河北、河南、山西等地不早于3月1日，湖南、陕西、黑龙江等地不早于3月2日，北京、天津、湖北等地尚无明确的开学时间。延期开学，如何保证总教学时长不减少？日前，广东、山东、四川、陕西等地教育部门都提出通过压缩周末、暑假来补课的方案。2月13日，四川省教育厅发布的《新冠肺炎疫情防控期间中小学教育教学组织与管理工作方案》中要求，因延迟开学耽误的教学时间，可通过调整周末和暑期等方式补齐。2月11日，陕西省教育厅副厅长赵昶葆在新闻发布会上表示，全省各级各类学校3月2日前一律不开学，学生不得提前返校，各地各校后续可采取周末调课、压缩暑假时间等方式补齐总课时。2月不开学，真会影响进度问题吗？最近，浙江崇文教育集团总校长俞国娣在给家长的一封信中表示：3月份开学，不用担心进度问题。如果，3月份还开不了学，我们再做预案。21世纪教育研究院副院长熊丙奇认为，对于非初三、高三学生来说，延长寒假，缩短暑假，寒暑假总时间不变，对学业并不会产生什么影响。trog网课失调trog延期开学，但停课不停学。2月10日，全国各地中小学开始陆续在线上课。开课以来，老师吐槽，家长抱怨，学生负累，网课的效果并不尽如人意，负面效应倒层出不穷。仅2月10日当天，就有全国300多个城市的60万教师变身主播，通过某软件给学生上直播课。然而，“自己原本是名一线教师，现在却成了十八线网红”，由于缺乏直播经验，有些老师自顾自讲课其实音频都没开，有些老师下课了去做家务结果音频还没关，车祸现场引发广泛吐槽。其实，我国推进在线教育已经10多年了，基础教育领域已有不少精品在线课程，要求每个学校的老师都搞直播，等于将这些资源弃之不用。对此教育部指出，开展“停课不停学”、做好网上教学工作没有必要普遍要求教师去录播课程，这种现象必须予以制止。屏幕另一端，家长全天不间断地忙着给孩子拍照、打卡、接龙，劳动、手工、运动、读书等旧任务一个都不停，早读、升国旗、眼保健操等新任务一个都不落，居家办公之余陪孩子上学。孩子也不轻松，在各地原计划的正式开学日之前，学生们反倒提前开始了新学期课程网上课程的学习。说好的开学延期，结果寒假变补习。为此教育部提醒各级教育行政部门、中小学和校外培训机构，在各地原计划的正式开学日之前，不要提前开始新学期课程网上教学。trog学习谬误trog鉴于网课出现的诸多问题，教育部对“停课不停学”工作提出明确意见，各地也相继印发了通知。对于网上学习，有限时限量的具体规定。比如广东，规定线上课程不能超过20分钟。一些网上学习的硬性要求则有所规避。北京与河北规定，不得强行要求学生每天上网“打卡”。同样出于为孩子的身心健康着想，“延迟开学用暑期补齐”引发热议：目前孩子们都在上网课，视力已经出现疲惫，为何网课都上了，暑假也没了？国家卫健委数据显示，我国小学生近视比例为45.7%，初中生近视比例为74.4%，中国儿童青少年近视率和总量高居世界第一。对于因疫情耽误的教学时间用暑假补齐，你怎么看？《经济日报》的一项调查结果显示，支持暑假补课的人数仅占14。有家长反对说：一天上四节网课，还有早读和午练，晚上还有一堆背诵作业，还要求课外阅读也要跟上，时间比上学还紧张，那开网课是玩笑吗？凭什么还要占用孩子们的周末和暑假！熊丙奇指出，延期开学后开展“停课不停学”，导致延期开学的性质很模糊，既不是开学，又不是放寒假。把延期开学搞成放假和上课的混合体，各地各行其是，出现乱象是难以避免的。熊丙奇认为，既然现阶段“停课不停教、不停学”，很多学校组织学生上网课，那再缩短暑假和调整双休日，确实有些说不过去。倒不如把延期开学明确为延长寒假，把时间交给学生，由学生自主安排，学校可提供一点学习支持，这就很好了。
2020年02月21日,两手抓两手硬|高邮市银行机构新增15亿元“复工贷”为企业“输氧”_荔枝网新闻,荔枝新闻,新冠肺炎疫情阻击战打响以来，高邮市金融系统迅速行动，以“干货硬货”全力支持企业复产、努力降低融资成本、积极优化金融服务。2月20日下午，首批4亿元“复工贷”授信已经到位。此前，高邮市各银行机构围绕《支持企业稳定发展15条政策意见》要求，主动递交了直接投放实体经济企业“复工贷”15亿元和银企“一对一”新增贷款授信5亿元的承诺书，农商银行还在此基础上进一步开动脑筋，拿出真金白银，为60多家企业额外提供2亿元延期贷款和3亿元贷款降息服务项目。为切实缓解疫情对实体经济带来的影响，2月下旬到6月中旬，高邮市将组织开展金融机构“挂联百企百日赛”活动，提出要实现“挂联服务企业100家，新增贷款不少于10亿元，处置逾期贷款不少于3亿元，利率水平平均下降10%，行长月访挂联企业不少于1次”的目标任务。（来源：江苏广电扬州中心站王泽坤通讯员邮宣编辑张泉泉）
2020年02月21日,常州又有7名新冠肺炎患者治愈出院！最大年龄80岁！_荔枝网新闻,荔枝新闻,2月21日上午，常州市第三人民医院又有7名新冠肺炎患者治愈出院，其中，80岁的王某是常州确诊患者中年龄最大的一位。截至目前，常州共累计治愈确诊新冠肺炎患者36人。trog出院病例一trog患者女性，现居住于常州市天宁区郑陆镇。1月29日收治于市定点医院隔离治疗。trog出院病例二trog患者男性，现居住于常州市经开区横林镇。2月1日收治于市定点医院隔离治疗。trog出院病例三trog患者男性，长期居住于深圳市福田区，现暂住于常州市经开区横林镇。2月2日收治于市定点医院隔离治疗。trog出院病例四trog患者女性，现居住于经开区横林镇。2月4日收治于市定点医院隔离治疗。trog出院病例五trog患者男性，现暂住于溧阳市别桥镇临时住处。2月11日收治于市定点医院隔离治疗。trog出院病例六trog患者男性，现居住于常州市金坛区东城街道。2月12日收治于市定点医院隔离治疗。trog出院病例七trog患者女性，长期居住于常州市金坛区金城镇。2月11日收治于市定点医院隔离治疗。“年龄最大的王某合并高血压、冠心病、慢支肺气肿，极易发展成危重症，出现多器官功能衰竭。”常州三院重症医学科副主任薛峰介绍。2月1日，王某因咳嗽、咳痰伴气喘，检测咽拭子新冠病毒阳性后入院。入院后，医院立即组织了多学科会诊，在专家组指导下，为王某精心设计了治疗方案，“王某治疗起来比普通患者更困难，刚开始患者痰液多，咳痰无力，医生护士就帮助他翻身拍背、吸痰、灌肠通便、功能锻炼等。”薛峰介绍，20天来，医护人员全身心投入，不怕感染危险，守在患者身边，通过规范的抗病毒治疗，精细化的容量管理，合理的营养支持，贴心的人文关怀，让患者病情得到明显改善，达到出院标准。今天出院的七名治愈者临走前，还拿到了医院准备的小礼物，中药颗粒剂和中药香囊。主治中医师林杰叮嘱患者，“虽然病毒核酸检测转阴，但身体还会存在乏力、咳嗽、精神状态差等症状。我们根据国家最新版诊疗方案，准备了健脾化湿、益气养阴的调理方，希望能帮助你们改善状态、加快康复，促进免疫系统功能和损失脏器组织的修复。”治愈者们纷纷表示，这份伴手礼太贴心周到了，回去后一定好好休养。（来源：江苏广电常州中心站汤琤谢博涵通讯员阮丽花杨舒洁史伟 编辑徐金吉）
2020年02月21日,天津21日最新通报：6—12时新增1例新冠肺炎确诊病例 累计确诊132例_荔枝网新闻,荔枝新闻,trog荔枝新闻讯 trog据天津市卫健委消息，2月21日6时至12时，天津新增1例新冠肺炎确诊病例，累计确诊病例132例。第132例患者，女，45岁，现居住于天津市宝坻区宝平街，无武汉旅行或工作史，系第82例确诊病例的妻子。该患者2月8日在集中隔离点进行医学观察，19日出现发热，20日被送至宝坻区人民医院发热门诊就诊，被诊断为疑似病例并收入隔离病房治疗，21日核酸检测结果为阳性，经市专家组确诊为天津市第132例病例，为普通型。目前正在转往海河医院治疗，对已判定的密切接触者进行隔离医学观察，其他密切接触者排查和流行病学调查工作正在进行中。
2020年02月21日,2月20日江苏无新增新型冠状病毒肺炎确诊病例 _荔枝网新闻,无线淮安,2020年2月20日0-24时，江苏省无新增新型冠状病毒肺炎确诊病例。新增出院病例27例。新增重型病例1例（原为普通型病例）,1例重型病例转为普通型病例。截至2月20日24时，江苏省累计报告新型冠状病毒肺炎确诊病例631例。其中，轻型病例49例，普通型病例572例，重型病例6例，危重型病例4例。出院病例352例。确诊病例中，南京市93例、无锡市55例、徐州市79例、常州市51例、苏州市87例、南通市40例、连云港市48例、淮安市66例、盐城市27例、扬州市23例、镇江市12例、泰州市37例、宿迁市13例。重型病例中，南京市1例、无锡市1例、徐州市1例、苏州市1例、淮安市1例、镇江市1例。危重型病例中，南京市1例、连云港市1例、淮安市1例、盐城市1例。出院病例中，南京市47例、无锡市36例、徐州市55例、常州市29例、苏州市38例、南通市23例、连云港市18例、淮安市34例、盐城市20例、扬州市13例、镇江市8例、泰州市24例、宿迁市7例。目前，江苏省追踪到密切接触者12590人，已解除医学观察11007人，尚有1583人正在接受医学观察。    专家提示，近期公众个人防护注意事项：保持手卫生，饭前便后、接触容易污染的物品后都要正确洗手。水果蔬菜食用前应清洗干净，蔬菜、肉类充分烹饪熟后再吃，水果最好削皮，处理生食和熟食的切菜板和刀具要分开并注意及时洗手。尽量少吃不吃凉拌菜等，不喝生水，不喝隔夜水，不喝久放的桶装水。     
2020年02月21日,@所有人 今起100条公交线路恢复运营 乘车变化要注意！_荔枝网新闻,无线徐州,继2月12日徐州市9条公交线路恢复运营后，为切实抓好新型冠状病毒肺炎疫情防控工作，保障企事业单位复工复产及市民基本公共交通出行需求，从2020年2月20日开始，徐州市区100条公交线路，300台公交车正常运营。今天一早，记者来到徐州公交集团京徐巴士公司，据了解，京徐巴士公司负责全市18条线路，其中包括的线路有：2路、13路、62路、64路、75路、76路等，今天共有90台公交车，按照公共交通出行需求正常运营。随后，记者跟随13路公交车进行体验。记者注意到，车上共有3位乘客，其中一位乘客表示，他是从安徽萧县回徐州复工的，准备乘车到庞庄矿附近下车。昨天通过微信了解到，徐州市区的公交线路全面正式运营，这样一来，自己乘车回单位方便了许多。除此以外，记者注意到，每辆公交车配备一名防疫督导员，负责对乘客进行体温测量，信息登记等工作。乘客必须全程佩戴口罩，要主动配合工作人员进行体温检测。对于体温高于37.3℃的乘客，一律劝拒乘车，登记身份信息并报送地方卫健部门。工作人员介绍，运营间隔时间为高峰期20分钟、平峰期40分钟。线路运营时间为早上06:30至晚上19:00。为做好疫情防控，每趟公交车在进站后都会全面消毒。消毒分喷洒式消毒和抹布擦拭式消毒，由工作人员对驾驶室、仪表盘以及乘客密切接触的座椅、扶手、拉手进行全方位消毒。据了解，按照规定，疫情防控期间公交车辆满载率要在50%以下。以13路车为例，车上共有35个座位，疫情期间，每辆车可乘坐15名乘客，乘客与乘客之间需要间隔一个空位。工作人员还表示，疫情防控期间，推荐乘客使用电子支付方式乘车，以便于追溯个人身份信息。如果乘客投币上车，督导员需要对乘客的个人信息进行登记，请广大乘客配合工作人员出示相关的身份证件。目前，所有线路暂停执行特殊人群乘车优惠和免费政策，包括老年卡、老年优惠卡、学生卡、爱心卡及免费证件乘车人员。从现场情况来看，今天是全市公交车恢复运营的第一天，单趟车次乘客一般在4-8人左右，客流量较少。随后，记者又联系了徐州市公共交通集团有限公司的调研员，工作人员表示，今天徐州市区共有100条公交线路、300台公交车恢复运营，接下来，他们也会根据客流量、早晚高峰期来制定班次、运营时间等安排。另外，下属的所有巴士公司，也要做好从业人员的身体检查工作，以及每辆公交车车辆消杀工作，确保做好全市的公共交通服务工作。
2020年02月21日,刘靖圆：心有希望，便会灿若阳光_荔枝网新闻,人民网-军事频道,人民网北京2月21日电看着患者脸上舒展的笑容和高高举起的大姆指，刘靖圆很是开心，形势一天天好起来了，病人的情绪也犹如这雪后初霁的武汉天空一样，变得明朗透亮，大家都知道，胜利的时刻终归会到来，那时，武汉的樱花或许正盛。刘靖圆，军队支援湖北医疗队队员、火神山医院护师，来武汉之前她是空军第986医院的一名文员护士长。1月24日，一声令下，她没敢告诉家人就写了前去一线抗击疫情的请战书，随队奔赴武汉。她说：“我的内心充满了对家人深深的愧疚......但我仍不后悔我的决定！作为一名党员，既然我今生有缘穿上这身戎装，既然我选择了医务工作者这份职业，那么在一线、在患者最需要我的时候，这是我唯一的选择！无论是曾经的抗震救灾，还是现在的抗击新冠肺炎，我保证一定完成任务，不辱使命！”到武汉后，无论是在武昌医院还是火神山医院，她都表现出了一位军队医护人员的专业和顽强。每天她都迈着轻盈的步子进入病房，虽然在雾水朦胧的面罩后看不清她的笑靥，但她的每一个动作，每一声问候，都让病人感受到温暖和亲切。刘靖圆在单位不仅是一位出色的护师，还是一名文艺骨干，经常主持医院的各项文艺活动，她的主持风格深受官兵喜爱，她与人交流的亲和力也很快得到了病人的认同和赞扬。在她负责的病房，有一位新冠肺炎感染患者治疗时留置针出了点小问题，加之他妻子也被确诊为新冠肺炎，心情变得极度烦躁不安，对治疗工作产生了抵触，任凭妻子怎么劝说他都听不进去。刘靖圆非常理解病人此时的心情，她耐心解释，反复劝慰，使他明白只要调整心态，积极配合治疗，很快会治愈的。在她的劝说抚慰下，病人的心情逐渐平复，并开始配合医护人员的治疗。随着越来越多的病人住进了医院，医护人员工作的强度也在加大。每天从病房出来，脱下厚厚的防护服，浑身都是湿漉漉的，双手满是浸裂的皱褶，额头上横七竖八地粘满了创可贴，这是她的容貌写真，也是她的工作常态。每天除了日常的护理，她和同事们还要严密观察患者病情并根据医嘱给予相应处理。因为患者情况不一，她们要通过生活护理与心理疏导以帮助患者重拾信心对抗疾病。“加油”“坚持”“你会好的”是她们最常说的话。工作虽然繁重，但刘靖圆和她的战友们没有一个喊“累”，她知道大家都一样，想尽快的打赢这场没有硝烟的战争。虽然卸下口罩的脸上处处都是勒痕压痕甚至磨出了水泡、破皮，与患者的健康相比，这些已经变得微不足道。她只希望能尽自己绵薄之力帮助更多的患者，也希望这场疫情早点过去，让同胞们不再受病痛折磨！因为她坚信，没有一个冬天不可逾越，没有一个春天不会到来。那些走过的路、吃过的苦，终究会成就更好的自己。这位富有诗意的战地白衣天使，像一只永不疲倦的蝴蝶，穿梭在忙碌的隔离区，把最柔的声音送给了病人，把最美的身影留在了病房。她说人生之所以美好，是因为它不总是晴空万里，也不总是困难重重，只要心有希望，便会灿若阳光。（薛博瑞潘舵）
2020年02月21日,湖北省卫健委：关于订正新冠肺炎疫情数据的情况说明_荔枝网新闻,荔枝新闻,trog荔枝新闻讯trog据湖北省卫健委，目前，湖北省监狱没有接入传染病疫情网络报告系统，2月20日夜接到监狱部门手工报卡后，经认真审核确认，截至2月20日24时，监狱部门报告的271例新冠肺炎确诊病例中有51例前期已纳入相关地区统计并公布，其余220例确诊病例和10例疑似病例现纳入2月20日疫情数据进行公布。全省新增确诊病例数由411例订正为631例，累计确诊病例数由62442例订正为62662例；新增疑似病例数由1269例订正为1279例，现有疑似病例数由4084例订正为4094例。trog2020年2月20日湖北省新冠肺炎疫情情况trog2020年2月20日0—24时，全省新增新冠肺炎确诊病例631例，其中：武汉市319例、黄石市7例、十堰市13例、襄阳市3例、宜昌市4例、荆州市7例、荆门市6例、鄂州市5例、孝感市17例、黄冈市17例、随州市4例、恩施州1例、仙桃市1例、天门市4例、潜江市3例，咸宁市和神农架林区0例。此外，监狱系统累计增加220例。全省新增病亡115例，其中：武汉市99例、黄石市1例、襄阳市1例、宜昌市1例、荆门市3例、鄂州市1例、孝感市5例、黄冈市3例、随州市1例，十堰市、荆州市、咸宁市、恩施州、仙桃市、天门市、潜江市和神农架林区0例。全省新增出院1451例，其中：武汉市766例、黄石市40例、十堰市22例、襄阳市49例、宜昌市19例、荆州市80例、荆门市28例、鄂州市25例、孝感市98例、黄冈市125例、咸宁市45例、随州市78例、恩施州10例、仙桃市26例、天门市32例、潜江市8例，神农架林区0例。截至2020年2月20日24时，湖北省累计报告新冠肺炎确诊病例62662例，其中：武汉市45346例、黄石市974例、十堰市654例、襄阳市1170例、宜昌市895例、荆州市1517例、荆门市800例、鄂州市1343例、孝感市3346例、黄冈市2856例、咸宁市766例、随州市1287例、恩施州245例、仙桃市568例、天门市477例、潜江市188例、神农架林区10例。此外，监狱系统累计增加220例。全省累计治愈出院11788例。其中：武汉市6214例、黄石市339例、十堰市209例、襄阳市343例、宜昌市250例、荆州市531例、荆门市229例、鄂州市375例、孝感市771例、黄冈市1274例、咸宁市313例、随州市386例、恩施州112例、仙桃市210例、天门市165例、潜江市57例、神农架林区10例。全省累计病亡2144例，其中：武汉市1684例、黄石市27例、十堰市2例、襄阳市24例、宜昌市28例、荆州市40例、荆门市37例、鄂州市39例、孝感市94例、黄冈市90例、咸宁市10例、随州市28例、恩施州3例、仙桃市19例、天门市12例、潜江市7例、神农架林区0例。目前仍在院治疗42056例，其中：重症8979例、危重症2018例，均在定点医疗机构接受隔离治疗。现有疑似病例4094人，当日新增1279人，当日排除610人，集中隔离3906人。累计追踪密切接触者225696人，尚在接受医学观察63126人。
2020年02月21日,韩红慈善基金会回应被举报：继续依法合规开展工作_荔枝网新闻,荔枝新闻,trog荔枝新闻讯trog2月21日，@韩红爱心慈善基金会就此前被人举报一事做出了回应，全文如下：近期，新型冠状病毒肺炎疫情给中国造成持续影响。本基金会积极响应党中央号召，迅速行动，依法、合规筹措大量资金驰援湖北。为此，基金会全体成员付出了艰苦卓绝的努力。在疫情发生期间，有网络用户向北京市民政局提出了有关诉求。为应对该事件，基金会的部分工作受到了影响，延迟了部分物资的交付，对医护人员的安全保护和重症病人的救护工作造成了不同程度的影响，基金会对此深表愧疚。中国的慈善事业有一个起步、发展并逐步完善的过程。北京韩红爱心慈善基金会成立于2012年5月9日。2016年《中华人民共和国慈善法》开始实施。2019年8月8日，基金会获得了公募资格。自2013年至2018年底，基金会通过官方网站和微信公众号获得善款289万元，占基金会自成立以来至2018年底全部捐赠收入的1.69%，上述款项均用于慈善用途。2018年底，基金会停止了上述工作。如现行法律对上述行为性质的认定与我们当时的认知存在差异，我们尊重法律规定。北京市民政局对该问题的认定，我们表示充分尊重，并予认同。关于基金会为确保善款保值增值而依法投资等事项公开的及时性问题，这是基金会在工作细节上仍需进一步努力的地方，我们将按照北京市民政局的指导意见，把各项工作开展得更好。其他有关问题，基金会亦全面认同北京市民政局的意见。未来，基金会将在北京市民政局的指导下，继续依法、合规开展各项工作，为中国的民间慈善事业作出更多贡献。感谢社会各界对基金会工作的关心、爱护和支持。早前，据北京市民政局官方微博消息，有媒体报道称北京韩红爱心慈善基金会被举报。2月20日，北京民政局回应，经调查，韩红基金会自成立以来，总体上运作比较规范,特别是在抗击疫情中做了大量工作，应予以支持和肯定。但也发现部分投资事项公开不及时,在未取得公开募捐资格前有公开募捐行为。href="htt:ew.jtv.com202002201582208249148.html"详情&gt;&gt;
2020年02月21日,东京奥运能否如期举办？ 日官房长官：会切实准备_荔枝网新闻,中国新闻网,中新网2月21日电据日媒报道，由于新冠肺炎疫情在日本呈蔓延之势，对于日本能否如期举办东京奥运会的质疑频频出现。面对质疑，日本内阁官房长官菅义伟在21日的内阁会议后对媒体表示，“会切实进行准备”。此外，新加坡《联合早报》此前报道称，英国保守党籍伦敦市长候选人贝里表示，“如果疫情持续导致奥运会和残奥会不得不换地方举办，伦敦可以接手”。对于贝里的这一言论，菅义伟表示，“海外的事情，(日本)政府不予置评”。当地时间2月10日，日本东京，台场海滨公园展示奥运五环，迎接即将到来的东京奥运会。由于新冠肺炎疫情在日本蔓延，“东京奥运会能否如期举行”成为国际上热议的话题。不过此前，日本首相安倍晋三、东京奥组委以及国际奥委会均表示，东京奥运会会准时举办，不会延期。东京奥运会和残奥会计划于2020年7月24日至8月9日和2020年8月25日至9月6日，在日本东京举行。
2020年02月21日,【够科普】新冠肺炎轻症患者担惊受怕？专家给出“四条处方”_荔枝网新闻,央视网,trog央视网消息trog（记者钱景童吕媛媛马烨）：好身体离不开好心态。面对新冠肺炎，保持良好的心理状态十分重要。有些新冠肺炎轻症患者，总是担心病情加重，时常关注一些负面信息，该如何调节？北京大学第六医院唐登华主任为你解答。brvideocotrol=""durtio="0"fbl=""oter="htt:img.v.jtv.comimge202022120202211582259776839_24_m.jg"rc="htt:vod.v.jtv.comvideo202022120202211582259776839_24_1499.m4"webkit-lyilie=""video
2020年02月21日,有序推动复工复产 有力保障稳岗就业_荔枝网新闻,光明日报,【权威发布】有序推进复工复产，是当前有效应对新冠肺炎疫情、保证经济社会平稳运行的重要举措。19日下午，国务院联防联控机制举行新闻发布会，国家发展改革委运行局二级巡视员唐社民，人力资源和社会保障部失业保险司司长桂桢、就业促进司副司长宋鑫，国家卫生健康委职业健康司司长吴宗之，国资委宣传局局长、新闻发言人夏庆丰等就有序推动各类企业复工复产和稳岗就业相关问题回答了记者提问。口罩产能利用率达110%“在各方共同努力下，复工复产已取得积极进展。”唐社民介绍，目前，从区域来看，广东、江苏、上海等经济大省（市）规模以上工业企业复工率超50%；从企业看，大型企业相对中小企业复工复产进度快，上游行业和资本技术密集型企业相对下游行业和劳动密集型企业进度更快；从行业看，涉及疫情防控相关物资的企业复工复产成效较明显，如近日口罩产能维持100%以上，2月17日产能利用率接近110%。另外，37家重点监测的粮油加工企业已复工36家，有色金属行业重点企业复工率达80%，炼油行业复工率超60%。针对社会关心的口罩保障问题，唐社民进一步表示，要从供需两方面发力。供给方面，及时协调解决口罩生产企业在用工、资金、原材料、供应等方面问题，力争发挥最大产能，积极协调解决扩能企业口罩机等关键材料和原辅材料供应，保障企业扩能需要；需求方面，大力倡导社会公众按照国家发改委、国家卫健委共同发布的《社会公众使用口罩解疑问答指南》，科学、按需使用口罩，避免过度使用和不必要消耗。帮助2600家企业解决缺工10.3万人为帮助疫情防控、公共事业运行、群众生活必需等涉及国计民生的企业解决缺工问题，宋鑫介绍，人社部门已建立24小时重点企业用工调度保障机制，促进重点企业复工达产。“在保障重点企业用工的同时，人社部也关注劳动者的身体情况。协调卫健、交通等部门，做好体温监测，开通直达专车，指导企业完善各种防疫措施，有效保证了劳动者安全到岗、健康工作。”宋鑫表示，截至目前，已对22个省进行调度，共帮助2600家企业解决缺工10.3万人。针对当前高校毕业生等重点群体就业问题，宋鑫表示，人社部正会同有关方面完善就业支持举措，近期组织一系列网络招聘活动，设立毕业生就业专区，增加行业化特色化招聘。通过增加线上办理事项、引导用人单位适当延长招聘时间等方式为求职者提供便利。同时，将重点关注湖北高校毕业生就业问题，实施必要的就业促进举措，加大线上岗位投放力度，拓展毕业生择业渠道，增加就业机会。严格落实企业防控措施企业复工复产后，如何避免聚集性的疫情风险？“我们重点结合实际，分区域、分行业、分项目推进复工复产。目前，96家中央企业所属2万余户主要生产型子企业的开工率已超过80%。”夏庆丰表示，对于疫情最为严重的湖北，除保障生活基本需求的相关企业外，在疫情有效控制后再稳妥组织复工复产；对疫情较为严重的地区，稳妥有序推进复工复产；对疫情较轻的其他地区，努力实现全面复工复产。此外，对涉医涉药等疫情防控企业，组织全面复工复产，对煤电油运、通信、粮油等企业要做到基础保障不间断。分项目推进，对有影响、带动力强的重大项目、重大工程，加快解决项目面临的困难，确保及时开工建设。吴宗之也表示，企业要做好返岗员工的健康监测，对符合地方政府疫情防控要求的员工安排上岗。同时要加强工作场所防控管理，加强人员进出登记和流动管理，对公共区域和多数人接触的物体表面定时消毒，尽可能避免和减少员工在不同工区间流动，有条件的企业可错峰上班，并加强对就餐的管理，错峰就餐或分散到办公室、车间、休息室就餐。扩大中小微企业政策受益面新冠肺炎疫情对企业，特别是中小微企业影响较大，部分企业生产经营困难，稳岗压力加大。对此，中央明确要求，综合运用失业保险基金结余加大援企稳岗力度。桂桢表示，为落实中央决策部署，人社部已会同财政部出台两项举措，加大对中小微企业及疫情严重地区支持力度。一方面，扩大中小微企业政策受益面，降低政策门槛，放宽申领条件。中小微企业裁员率不高于上年度全国城镇调查失业率控制目标（5.5%），30人以下企业裁员率不超过20%，均可申领稳岗返还，即企业所缴上年度失业保险费的50%。另一方面，加大对重点地区倾斜支持力度。允许湖北等重点地区根据实际情况，扩大受益企业范围；还可根据失业保险基金结余情况，对医疗物资、公共事业运行、群众生活必需等物资供应保障企业，给予更大力度的支持，可按照6个月的失业保险金或者3个月应缴纳社会保险费的标准予以返还。实施上述两项举措，将使更多中小微企业享受到政策红利。（记者邱玥）
2020年02月21日,常州又有7名新冠肺炎患者治愈出院！最大年龄80岁！_荔枝网新闻,我苏网,2月21日上午，常州市第三人民医院又有7名新冠肺炎患者治愈出院，其中，80岁的王某是常州确诊患者中年龄最大的一位。截至目前，常州共累计治愈确诊新冠肺炎患者36人。trog出院病例一trog患者女性，现居住于常州市天宁区郑陆镇。1月29日收治于市定点医院隔离治疗。trog出院病例二trog患者男性，现居住于常州市经开区横林镇。2月1日收治于市定点医院隔离治疗。trog出院病例三trog患者男性，长期居住于深圳市福田区，现暂住于常州市经开区横林镇。2月2日收治于市定点医院隔离治疗。trog出院病例四trog患者女性，现居住于经开区横林镇。2月4日收治于市定点医院隔离治疗。trog出院病例五trog患者男性，现暂住于溧阳市别桥镇临时住处。2月11日收治于市定点医院隔离治疗。trog出院病例六trog患者男性，现居住于常州市金坛区东城街道。2月12日收治于市定点医院隔离治疗。trog出院病例七trog患者女性，长期居住于常州市金坛区金城镇。2月11日收治于市定点医院隔离治疗。“年龄最大的王某合并高血压、冠心病、慢支肺气肿，极易发展成危重症，出现多器官功能衰竭。”常州三院重症医学科副主任薛峰介绍。2月1日，王某因咳嗽、咳痰伴气喘，检测咽拭子新冠病毒阳性后入院。入院后，医院立即组织了多学科会诊，在专家组指导下，为王某精心设计了治疗方案，“王某治疗起来比普通患者更困难，刚开始患者痰液多，咳痰无力，医生护士就帮助他翻身拍背、吸痰、灌肠通便、功能锻炼等。”薛峰介绍，20天来，医护人员全身心投入，不怕感染危险，守在患者身边，通过规范的抗病毒治疗，精细化的容量管理，合理的营养支持，贴心的人文关怀，让患者病情得到明显改善，达到出院标准。今天出院的七名治愈者临走前，还拿到了医院准备的小礼物，中药颗粒剂和中药香囊。主治中医师林杰叮嘱患者，“虽然病毒核酸检测转阴，但身体还会存在乏力、咳嗽、精神状态差等症状。我们根据国家最新版诊疗方案，准备了健脾化湿、益气养阴的调理方，希望能帮助你们改善状态、加快康复，促进免疫系统功能和损失脏器组织的修复。”治愈者们纷纷表示，这份伴手礼太贴心周到了，回去后一定好好休养。（来源：江苏广电常州中心站汤琤谢博涵通讯员阮丽花杨舒洁史伟 编辑徐金吉）
2020年02月21日,江西省军区协调驻赣部队官兵献血援鄂_荔枝网新闻,中国国防报,2月15日上午，江西省军区组织机关和直属队128名官兵向湖北省新冠肺炎疫情地区进行专项献血，以实际行动支持湖北抗击新冠肺炎疫情，表达军民携手、共克时艰的决心。“新冠肺炎患者发展到重症时，器官衰竭会引起贫血、凝血功能障碍，同时肺衰竭的患者进行体外人工膜肺治疗时，都需要血液救治。”江西省血液中心体检采血科科长黄会青告诉记者，当前正处于湖北抗击新冠肺炎疫情的关键时刻，急需各地提供血液供应。为此，江西省献血领导小组办公室向全省发出无偿献血动员令。接到动员令后，驻赣部队积极响应。为了确保疫情防控安全，省军区积极与省血液中心联系，协调各设区市采取采血车开进军营的方式采血。“这是一场没有硝烟的战争。能够通过献血帮助前方，是我们的责任和光荣！”献血现场，江西省军区警卫勤务队通信中队副中队长姚懿恒告诉记者，他们时刻关注着湖北疫情一线的发展，希望通过献血告诉身处湖北疫区的人民，人民子弟兵与湖北人民心连心。记者在江西省军区献血现场看到，将军和普通士兵一道挽起袖子走进采血车。截至记者发稿，先后有1600余名驻赣部队官兵在全省各地参与献血，献血量达377100毫升。据江西省血液中心负责人介绍，根据湖北新冠肺炎患者治疗需求，采集的血液将陆续发往湖北省黄石市、鄂州市和咸宁市等血液紧缺地区，为新冠肺炎患者提供救助。
2020年02月21日,当当网一员工确诊新冠肺炎 目前公司全员在家办公_荔枝网新闻,中国新闻网,记者20日从当当网获悉，公司一名员工19日晚确诊为新冠肺炎，目前公司全体员工已居家办公。当当网是中国第一代互联网创业公司，图书是其主营业务之一。2010年登陆纽交所，成为首家在美国上市的B2C网上商城，上市时市值超23亿美元。当当网董事长兼CEO俞渝的助理告诉记者，当当网2月19日晚从疾控部门得知公司一位密切接触者员工核酸检测为阳性，但其先生和孩子目前核酸检测还是阴性。“这名员工是在母亲未有症状前，曾在公司办公3天。”该助理表示，当当网正在配合疾控部门妥善安排公司的密切接触者。同时以专业部门意见为准，处理各项后续工作。“得到通知后，当当网第一时间召开全员电话大会通报进展，并安抚员工紧张情绪。”该助理表示，当当网按照北京市的相关规定，2月10日正式复工上班。2月15日该员工的母亲在北京通州区被确诊新冠肺炎，她作为密切接触者也被集中隔离。“得知消息后，我们当晚对办公区进行消毒，安抚员工，联系疾控部门。”“18日晚，这名员工告诉主管领导，自己出现发热症状。当当网再次与北京几个区的疾控部门联系，征求指导意见。”该助理表示，在疾控部门不做停工建议的情况下，当当网管理团队依然通知了全员19日开始在家办公。按照当当网的复工要求，公司假期延长到2月9日，2月10日正常上班，其中2月2日之前为国家规定假期，2月3日至7日为公司调休假期。复工前的2月9日，俞渝曾在公司内部做复工动员，表示疫情持续时间可能会比较长，要有长期应对的准备，不要过度惊慌，应提高免疫、适当防护，恢复以往的工作和生活节奏。目前，随着北京企业陆续复工，大量外地人员开始返京，北京疫情防控形势严峻。北京市卫生健康委最新数据显示，截至2月19日24时，北京市累计确诊病例395例。出院153例，死亡4例，危重型19例。
2020年02月21日, 苏汉两地书|我答应你，等到抗“疫”结束、春暖花开时，一定带你来这里_荔枝网新闻,荔枝新闻,今天（2月20日），江苏省第三批援湖北医疗队员、苏大附一院重症医学科主管护师钱晓冬给他的爱妻写了一封信，祝她生日快乐。目前，钱晓冬在武汉同济医院中法新城院区救治新冠肺炎患者。他在信中写道，“我是个不善表达的男人，但此时此刻，我想对你说：亲爱的，你感受到我浓浓的爱意了吗？”最好的爱情就是平淡之下的点滴相守，不善言辞下字里行间的款款爱意。以下是他的武汉来信（节选）。tyle="fot-fmily:楷体,楷体_gb2312;"今天是个特殊的日子，2020年2月20日，我记得的，这是你的生日，祝你生日快乐！很抱歉，今年的生日没法和你一起过了。tyle="fot-fmily:楷体,楷体_gb2312;"我记得2月1日晚接到通知第二天就要赶赴武汉，是你为我打包行李，准备一应生活用品，让我毫无后顾之忧。2月2日又起了个大早，你再三核对着有没有东西没带全。离家前，儿子才醒，孩子小，对我的工作没什么概念，也不知道我去哪里、面对什么。你对他说爸爸去打怪兽了，宝贝儿子才给了我一个拥抱。收拾好心情，我们就驾车直奔医院。临出发前，我们紧紧相拥着，我对你只说了一句：好了，我走了。其实我有千言万语，我想对你说舍不得，对你说等我回来，对你说我爱你，但最终，我什么都没说出口。我知道，我肩上还有沉甸甸的责任，我知道，此去武汉是医者的使命召唤，我知道，我必须要坚强！tyle="fot-fmily:楷体,楷体_gb2312;"今天已经是我来武汉的第十九天了，你不需要担心我，所有的工作我都可以有条不紊地做好。作为组长，我需要协助护士长统筹整个病区，负责隔离区护理小组的管理和实施工作，然后根据病人的病情，我会安排病人的床位护士；进病区前，我会检查病区内工作人员防护隔离服穿戴，保证所有人防护到位后再进入隔离区；并且我还要参加医生每日查房，督促护士按时执行医嘱，保证用药安全、保证治疗和抢救工作顺利进行；最后是和下一班组长做好交接工作，监督队员脱隔离衣和防护服。我总是最后一个离开隔离区，下班后，我还要了解每一位组员的身体健康状况，关注各组员身体、心理动态，为他们的健康安全保驾护航。虽然护理工作很累，但是我会坚持！护理是一个大的集体，在我们的共同努力下，我们一定能完成此次援助工作，我坚信必将打赢这场疫情战争！tyle="fot-fmily:楷体,楷体_gb2312;"武汉已经连续好多天晴空万里了，隔着房间的窗户，酒店外江边的夜景也是美不胜收。我答应你，等到抗“疫”结束，春暖花开时，一定带你来这里，去看看湖对岸那中外闻名的黄鹤楼，在热闹的街市上吃一碗香喷喷的热干面。（来源：江苏广电苏州中心站耿昊东编辑苏月）
2020年02月21日,联播＋丨11通电话2场会见 习近平这些话展示中国担当_荔枝网新闻,央视网,2月20日，在中国抗击新冠肺炎疫情的关键时刻，国家主席习近平应约分别同巴基斯坦总理伊姆兰·汗和韩国总统文在寅通电话。自新冠肺炎疫情发生以来，习近平先后11次与外方领导人通电话，并分别会见世界卫生组织总干事谭德塞和柬埔寨首相洪森，鲜明表达了中国必将打赢疫情防控阻击战的信心以及对全球公共卫生事业尽责的中国态度。央视网《联播+》特梳理，与您一起感受疫情面前的中国担当。
2020年02月21日,中国乘联会：2月份上半月乘用车销售大降92％，全国日均只卖2249辆_荔枝网新闻,每日经济新闻,乘联会公布了最新一期汽车销量数据：2020年2月上半月（2月1-16日），受新冠肺炎疫情的影响，国内乘用车厂家零售销量同比大跌92%，跌幅创历史最高纪录。销售数据显示，受到春节假期特别是新冠肺炎疫情的影响，2月第一周（1-9日）全国乘用车日均零售销量仅811辆，相比去年同期的22965辆，大幅下跌96%。2月第二周（2月10-16日）部分汽车4S店陆续复工，不过买车的人仍然非常少，人们不是忙着复工就是仍旧待在家里，日均乘用车零售销量仅4098辆，与去年同期的36965辆相比，大跌89%。从2月上半月（1-16日）整体销量来看，国内乘用车日均零售销量仅为2249辆，与去年同期的29090辆相比，大跌92%。乘联会分析认为，2月份汽车厂家销量将大幅低于预期，预计销量同比下跌70%左右。
2020年02月21日,微视频：谢谢你的拥抱_荔枝网新闻,新华网,videocotrol=""durtio="0"fbl=""oter="htt:img.v.jtv.comimge202022120202211582256489446_24_m.jg"rc="htt:vod.v.jtv.comvideo202022120202211582256489446_24_1439.m4"webkit-lyilie=""videobr新冠肺炎疫情发生以来某些国家的一些人把华人当做病毒，选择害怕远离但是有更多人选择拥抱华人，给予温暖和支持“加油中国！加油武汉！”“这颗心永远属于你，告诉我不再孤单”一个拥抱、一次声援、一句歌唱世界多个国家和城市上演爱的“接力”远离病毒，不远离爱2020，我们齐心战“疫”一起幸福平安！总策划：刘加文策划：夏小鹏徐倩监制：毕秋兰刘小军文案：李雪梅制作：丁悦海报设计：杨霁昕编辑：徐海知刘梦姣新华网海外传播中心出品
2020年02月21日,中央指导组：目前援助湖北医疗队未发生感染_荔枝网新闻,央视新闻,针对新型冠状病毒肺炎病例的发病特点，中央赴湖北指导组专家组成员、北京地坛医院感染二科主任医师蒋荣猛指出，新冠肺炎早期发病不典型，且具有一定的隐蔽性。传播途径主要是通过近距离喷溅、飞沫传播，医务人员和病人近距离接触，如果没有足够的防护，是很容易被感染的。蒋荣猛介绍，中央赴湖北指导组专家组针对各地医疗队开展了培训，做好防范措施，在病人隔离时创造良好的隔离条件，避免病人间交叉感染，最大可能避免医院感染暴发。另外，医务人员感染新冠肺炎的情况大部分发生在1月30日以前，之后感染发生的比较少。全国各地到武汉和湖北支援的医疗队，目前还没有发生感染情况。
2020年02月21日,中国网球名将吴迪为家乡武汉捐款：我们的心在一起_荔枝网新闻,中国新闻网,中新网2月21日电曾经创造过国内男子网球世界最高排名的前“中国网球一哥”吴迪日前为家乡武汉捐款10万元。今年春节假期，吴迪原本计划回武汉探望父母亲友，但因为新冠肺炎疫情爆发，吴迪放弃了此次回家之行，留在上海继续训练。“现在我都是通过视频和远在武汉的父母和亲戚朋友联系，还好他们都没有出什么情况，”吴迪在接受媒体采访时说道，“虽然我不在武汉，但还是想通过自己微薄的力量，为家乡和湖北能出一点力是一点力，哪怕多一些救援和保障物品，哪怕多一些安慰和精神鼓励，也都是我应该做的也必须做的。”身在外地的吴迪一直在关注武汉的情况。吴迪的社交媒体中，近来都是有关武汉，有关家庭的内容。“这一张特殊的三十新春全家福，我在这，他们却被困在老家。第一次我慌了，无力、揪心、心疼，新年我快乐不起来。”“对长期在外的我来说。春节一直是我最期待的传统节日。但现在我在上海，我父母被困在老家武汉，进不去也出不来，我毫无办法，很担心、很焦虑。这必定是一个特殊的春节，我们的心总是在一起，短暂的分离是为了以后更好的相聚。武汉加油，武汉精神。”可以看出，吴迪对于父母的情况以及武汉的情况十分关心。据媒体报道，他捐出的10万元是他在俱乐部一年的固定收入，而今年截至目前，受疫情影响，吴迪还没有参加过比赛，他的奖金收入为零。此前，同样来自武汉的李娜、王霜等运动员也都已经为武汉捐款助力。
2020年02月21日,韩国一教会78人确诊 两公里外美军基地紧急封锁_荔枝网新闻,海外网,海外网2月21日电据韩媒NEWS1报道，受新冠肺炎疫情蔓延影响，驻韩美军已经上调危险等级，并紧急封锁大邱所有基地和设施。大邱近日出现大规模集体感染，成为韩国疫情最严重城市，特别是“新天地”大邱教会，截至21日，已有78名教徒被确诊。目前，距离“新天地”大邱教会2公里的沃克营，已被紧急封锁，入口处的执勤军人，均戴口罩上岗。沃克营，是美国陆军驻大邱的三个军事基地之一。早在19日，驻韩美军司令罗伯特艾布拉姆斯就向基地指挥官下达命令，要求除执行公务外，其他人限制在基地内流动和外出。此外，驻韩美军将士兵和设施的危险等级，从“低危险”调整为“中等危险”，并封锁大邱所有基地和设施，禁止士兵前往大邱，另外还要求9号之后去过大邱“新天地”教会的士兵及其家属自行隔离。韩军方面，为防止疫情扩散，韩国国防部决定从22日起限制官兵休假、外出、外宿和探视，但退役前休假、丧假等特殊情况例外。目前，韩国海陆空三大军种，均有确诊病例。根据最新消息，韩国21日新增52例新冠肺炎确诊病例，累计确诊156例，死亡1例。
2020年02月21日,中央指导组：目前援助湖北医疗队未发生感染情况_荔枝网新闻,央视新闻 ,针对新型冠状病毒肺炎病例的发病特点，中央赴湖北指导组专家组成员、北京地坛医院感染二科主任医师蒋荣猛指出，新冠肺炎早期发病不典型，且具有一定的隐蔽性。传播途径主要是通过近距离喷溅、飞沫传播，医务人员和病人近距离接触，如果没有足够的防护，是很容易被感染的。蒋荣猛介绍，中央赴湖北指导组专家组针对各地医疗队开展了培训，做好防范措施，在病人隔离时创造良好的隔离条件，避免病人间交叉感染，最大可能避免医院感染暴发。另外，医务人员感染新冠肺炎的情况大部分发生在1月30日以前，之后感染发生的比较少。全国各地到武汉和湖北支援的医疗队，目前还没有发生感染情况。
2020年02月21日,战“疫”院长施庆：就算鞋底跑穿 也要跑在病毒前头_荔枝网新闻,现代快报,2月19日下午，南通市通州区人民医院副院长施庆正在通州区新冠肺炎定点收治医院病房进行检查。楼梯爬到一半，他忽然停了下来，大家正疑惑时，他笑眯眯的说：“各位先走一步，我这边有点小情况”。同事仔细一瞧，原来施院长的鞋子底掉了。大伙儿由衷的感叹：“这一天得跑多少路，才能把鞋底都跑掉啊！”春节前夕，新冠肺炎疫情全面爆发，令人猝不及防。1月30日晚，区人民医院院长陈建接到指令，将通州区第七人民医院改建为新冠肺炎定点收治医院，同时接管该医院，副院长施庆则被任命为医院院长。年近花甲之年的施庆临危受命，再度奔赴一线，立即召集人民医院与七院的医务人员成立临时党支部，并要求大伙儿在最快时间内抢出一座“通州火神山”，与同病毒展开殊死博弈。疫情发生以来，“不出门、宅在家”成为大家的共识，施庆却以每天上万步傲首“微信运动”榜单，与“少出门”的号召显得格格不入。区人民医院与新冠肺炎定点收治医院相距近50公里，每天一大早他得先赶往人民医院，安排好相关工作后，七点半再准时前往定点医院。办公室—病房—后勤保障仓库—医务人员休息区—医疗废物处置点。“N点N线”来回奔波，成为施庆的战“疫”期间的日常轨迹。各项防护措施是否到位？食堂的饭菜是否合口？病人的伙食、医务人员的伙食是否做到营养均衡？水电气的安全是否落实到位？事无巨细，施庆都要仔细询问相关负责人，并亲自到现场督察，保障病人与全体一线人员的营养，保证全院职工与病人的安全，已成为施庆常挂在心中的“默念”。“雷厉风行”，是大伙对施院长的一致评价。每天具体要做什么，要达到什么效果，他都分工明确、紧凑。由于防护用品物资紧缺，他每天想方设法联系防护物资，每当有防护物资到了医院，他一定亲自到仓库查看，防护物资的批号、日期、是否符合标准等一一过目。他说：“战士们在前线作战，我一定要保证他们的装备是符合标准的，是安全的呀。”作为定点医院负责人，从接到指令的那一刻起，无论是病房改造、流程制定、院感防控、疫情防控、行政管理还是后勤保障，施庆都要亲自安排，不敢有丝毫懈怠。从接到指令到2月19日，20天的时间，他没有睡上一个囫囵觉。尽管黑眼圈已经透露出疲惫，但施庆依然觉得时间不够用。他说：“大家都很累，但是我们一定要坚定信念、坚守岗位、坚持到底，一定要跑在病毒的前头！”
2020年02月21日,中国科学院院士周琪：新冠病毒不能通过皮肤侵入人体_荔枝网新闻,人民日报,videocotrol=""durtio="0"fbl=""oter="htt:img.v.jtv.comimge202022120202211582254822293_63.jg"rc="htt:vod.v.jtv.comvideo202022120202211582254760466_63_1107.m4"webkit-lyilie=""videotrog记者trog：目前各行各业正在有序恢复生产，请问从病毒传播的方式方面，对大家做好防护有什么建议或意见？trog中国科学院院士周琪trog：当我回到办公室，田间劳作的时候，有多大的风险被病毒感染，如何防护，要讲清这个问题要讲两个方面：第一，病毒是怎么找到你的，第二，病毒是怎么侵入人体的。在科研攻关团队根据前方一线人员和科研人员反映的问题可能性，比如说气溶胶、粪口传播，我们都不放过任何一种可能性，按照不同的生活场景，设计了很多的试验，来回答病毒致病致毒的可能性和机制。气溶胶的传播只有在极端情况下，比如说满足密闭空间，长时间暴露，在正常的工作和生活环境中这种可能性是微乎其微的。trog对于复产复工而言，我们两个建议：trog一是对于相对人员密集的工作场合要保持通风，二是在工作场合里同事之间保持适度的距离。即使病毒找到了我们，我们还要看病毒是怎么进入人体的，现在病毒进入人体都是通过我们的黏膜，也就是口、鼻、眼，主要是口鼻，所以在病毒进入人体的过程里面做好对这些部位的重点防护就非常重要。比如说在人员密集区域正确佩戴口罩是可以切断病毒进入机体的渠道。关于其他的接触可能性，比如说粪口传播，到今天为止所有的临床实践和科学实验都证明，trog新冠肺炎是不能透过皮肤侵入人体的，保持正确的洗手习惯和勤洗手习惯，是可以避免这些传播途径的。trog
2020年02月21日,中国科学院院士周琪：新冠病毒不能通过皮肤侵入人体_荔枝网新闻,人民日报,videocotrol=""durtio="0"fbl=""oter="htt:img.v.jtv.comimge202022120202211582254822293_63.jg"rc="htt:vod.v.jtv.comvideo202022120202211582254760466_63_1107.m4"webkit-lyilie=""videotrog记者trog：目前各行各业正在有序恢复生产，请问从病毒传播的方式方面，对大家做好防护有什么建议或意见？trog中国科学院院士周琪trog：当我回到办公室，田间劳作的时候，有多大的风险被病毒感染，如何防护，要讲清这个问题要讲两个方面：第一，病毒是怎么找到你的，第二，病毒是怎么侵入人体的。在科研攻关团队根据前方一线人员和科研人员反映的问题可能性，比如说气溶胶、粪口传播，我们都不放过任何一种可能性，按照不同的生活场景，设计了很多的试验，来回答病毒致病致毒的可能性和机制。气溶胶的传播只有在极端情况下，比如说满足密闭空间，长时间暴露，在正常的工作和生活环境中这种可能性是微乎其微的。trog对于复产复工而言，我们两个建议：trog一是对于相对人员密集的工作场合要保持通风，二是在工作场合里同事之间保持适度的距离。即使病毒找到了我们，我们还要看病毒是怎么进入人体的，现在病毒进入人体都是通过我们的黏膜，也就是口、鼻、眼，主要是口鼻，所以在病毒进入人体的过程里面做好对这些部位的重点防护就非常重要。比如说在人员密集区域正确佩戴口罩是可以切断病毒进入机体的渠道。关于其他的接触可能性，比如说粪口传播，到今天为止所有的临床实践和科学实验都证明，trog新冠肺炎是不能透过皮肤侵入人体的，保持正确的洗手习惯和勤洗手习惯，是可以避免这些传播途径的。trog
2020年02月21日,32天——“消失”的邱海波_荔枝网新闻,现代快报,现代快报讯（记者刘峻安莹梅书华）武汉疫情仍处在紧要关头。国家卫健委专家组成员、东南大学附属中大医院副院长、著名重症医学专家邱海波已经在武汉32天了。这期间，他就像"消失"一样，媒体绝少听到他的声音。对于一名ICU医生而言，挽救生命，就像是闯关，每一关都走得艰辛、惊险，在武汉，这恐怕是邱海波的高难度挑战了，他说："我要抓紧时间救病人。"2月19日，现代快报记者电话采访了邱海波，他讲述了这32天在武汉的"闯关"历程。挑最重的担子，寻找有效的治疗途径1月21日，记者碰巧打通了邱海波的电话，他说："坐高铁来的，在查房，忙，再联系。"匆忙挂了电话。之后的日子，邱海波的电话要么是忙音要么是无人接听，微信朋友圈也从未更新过。其实，1月19日，邱海波已经来到武汉，一大早的高铁，回到酒店稍作整理，没有寒暄、没有缓冲，邱海波直奔武汉市金银潭医院，等待他的就是千钧重担。"我来的时候，临床救治变得越来越突出，重症病人多了，死亡病例增加，治疗变成一个非常突出的问题。"邱海波说。这里病人情况如何？跟以前的一样吗？为了找到答案，邱海波和专家组其他成员一起来到武汉三家收治重症病人定点医院：武汉市金银潭医院、武汉市肺科医院、武汉大学中南医院。"我们花了几天的时间泡在病房里，三家医院的重症病人每天过一遍，上午、下午都要穿着隔离服进红区。只有掌握这些病人发病、病重的特点，对治疗的反应，才能形成治疗流程和规范。"采访中，邱海波一直在传递着一个重要的信息：要有治疗路径，指导湖北乃至全国的重症治疗。他参与了国家卫健委发布的《新型冠状病毒感染的肺炎诊疗方案》第二版到第六版的制定，主导制定了重症和危重症病人的治疗路径。与"沉默杀手"掰手腕，边"瞄准"边"开枪"邱海波上一次发朋友圈还是2019年的11月8日，当天，在南京举办了全国重症医学质量控制大会，他连发了两条和会议相关的内容。当时邱海波在接受媒体采访时也说出了自己的"重症心得"：与其它科室先"瞄准"再"开枪"；先诊断清楚，再对症下药不同，重症医学科必须做到边"瞄准"边"开枪"，病人出现哪方面危及生命的症状，就先处理哪方面的问题，病人的生命就分毫之间。"这次疾病的特点，就是病人表现不明显，缺氧。一般发病在一个星期到十天才出现低氧血症，而低氧血症是‘沉默的杀手’"。邱海波在掌握了新冠肺炎的"脾气"后，一直在摸索、寻找治疗重症病人的关键"靶点"，寻找新的治疗方法。他用"意外"来形容俯卧位通气治疗，"这是在缺乏特别有效的治疗药物时，让病人趴下来是很有效的治疗手段。"不过在开展这项治疗时，也遇到过不小的困难，俯卧位治疗需要5名医护人员一起抬病人，隔离区没有那么多医务人员怎么办？他规定，医生早上查房时开出需要做俯卧位治疗病人的名单，下午医护人员再进去一次，把病人全部趴过来，到第二天早晨查房时再重新翻过来。讲起自己擅长的重症急救领域，邱海波语速明显加快，"我在武汉，每天看的病人不一样，从轻到重的都在看，主要精力花在重症病人身上，不断地总结经验。""比如，对于喘得特别急的病人，会引起气压伤，自己把自己肺给损伤了。如何打断这种过程？"邱海波自问自答，说出一串医学用语，"就是要用比较深的镇静镇痛以及肌肉松弛，把这些自主呼吸全部打掉，降低肺损伤，避免病程的发展。"啃最难啃的骨头，关口前移，每家医院都要巡查目前，全国已经派出3万多名医护人员驰援武汉，其中重症专业的医务人员就一万多，目前武汉也开设了7个重症院区，而全国各地的医疗队到来后，刚开始大家对新冠肺炎并不熟悉，面对重症救治这一最难啃的骨头，邱海波作出决定：巡查医院。在ICU，每一个细节都关乎生死。邱海波每到一家医院，都会苦口婆心地对着医务人员输出自己的心得和经验。"我们一遍遍地和一线医务人员强调关口前移，因为新冠肺炎的特点是病人表现不明显，发病后出现呼吸衰竭的时间晚，这种无症状的低氧血症需要早期观察、早期治疗，不能让病程往下发展。"邱海波进一步解释，关口前移是治疗的关键，这几天已经把重症的7家医院巡查完了，接下来还要去武汉的四十多家巡查，包括区一级医院和社区医院。第一，要从普通病人中筛选重症患者；第二，重症病人，是不是能够治疗跟上，做到早筛查、早发现。避免轻症发展成重症，同时，方舱医院、隔离观察点的医疗救治工作也要进一步强化和细化流程。"你如果害怕，别人就更害怕""作为专家组成员，你必须冲锋在前，如果你害怕了，别人就更害怕。"除了巡查，邱海波还有一个重要的工作是给医疗队做示范。在ICU的重症隔离病房，病人会突然出现病情变化，需要医生迅速打开"生命通道"，比如气管插管，这个动作距离患者非常近，在气管切开那一瞬间，胸腔气流会携带病毒喷薄而出，即使有层层防护，也有感染风险，加上厚厚的防护服和各种防护设备让医护人员的各项操作都有些"笨手笨脚"。在这时，邱海波会说："我们上去！"戴上简单的头套，进行插管。"必须带头去做，我觉得紧急的医疗操作特别能显示医疗团队的集体作用，如何去克服医疗团队的恐惧心理，专家组有非常重要的作用，必须要做好示范。"邱海波说。守护生命最后一道防线，战疫线上有了"江苏经验"2003年邱海波是南京非典病区治疗专家组组长，带领医护人员创造了非典病人零死亡、医护人员零感染的骄人纪录。这一次在武汉，邱海波的身份也变了，成为"国字头"专家，他也坦言身上的担子更重了。要向国家提供最专业的研判建议和应对良策。在武汉期间，邱海波和专家组成员多次当面向孙春兰副总理汇报工作。刚到武汉时，重症病房一床难求。向中央指导组汇报时，他建议开设重症医院，希望尽快增加重症医学的床位，能够集中那么一到两家医院，专门收治，这个意见很快被采纳，更多重症患者得到及时有效的治疗，成为打赢武汉战疫的关键之举。"非典时期，我只管一家医院，把病房里的病人守住就可以了，这一次，要管的医院更多了，从定点收治医院到社区医院再到方舱。从病人的程度来讲，最重的病人，到比较重的，到普通型的病人，都需要去关心，因为治疗方案怎么去制定，治疗的是否到位及时，我们需要给出一个建议，形成流程规范制度。"邱海波说，这个过程，更宏观，责任更大，面对的病人可能是上万个，需要更系统的方法、规范，通过教育培训，让整个团队，具有高效的机制能力，这跟以前完全不一样。"医生遇到重症病人时，会从内心产生很强烈的冲动，想要去救治。每一分钟、每一小时都要知道病人的动态，才能当好生命的守门员。"55岁的邱海波已经在ICU这个岗位上干了30年。在武汉，邱海波和团队更是不畏险阻，坚守生命的最后一道防线，也在抗战疫线形成了重症治疗的"江苏经验"。对话邱海波：想把每一个重症病人都能救活问：您在"红区"呆的最久的一次是多长时间？答：早晨9点进去，下午2点出来，这是最长的时间，常规一天进2次，我最多的一天可能进去3、4次，一般是上午第一次时间最长，后面比较短。问：都说穿防护服的感觉闷热，您在进病房之前都做了哪些准备？答：没有时间去考虑那么多，其实早晨吃完早饭，进入病房后，就没有上卫生间的需求，因为穿上防护服大量的出汗。平常中午自己常不吃饭，对于医生来说，不吃饭是很正常的事。问：在武汉，能休息好吗？答：为了保证体力和精力，我们都有足够的休息时间。但有时病房有事，工作也没那么规律，比如前天（2月18号）晚上，我是快凌晨1点才回到酒店，因为有一个特殊病人会诊，还有的病人需要上紧急的ECMO，也会比较晚。一般情况下，从身体和感控的角度来看，尽量保证正常睡眠。问：您平时和家里人联系吗？答：隔几天会和家里报平安。其实我在这里挺好的，武汉提供了很好的生活保障，我只要专心工作就行。问：目前，您的心愿是什么？答：想把每一个重症病人都能救活，尽最大努力做了，即使没有救回来，我也做到了让病人得到了应有的医疗服务，没有遗憾。邱海波简介：当国家发生突发事件时，邱海波总是第一时间挺身而出，一次次赶赴现场参与救援。2008年汶川地震，邱海波和同事奋战十天十夜，230多个小时，争分夺秒和死神赛跑，成功抢救300多人次。作为国家卫计委的重症病人救治专家组组长，邱海波还先后参与非典疫情、玉树地震、天津特大火灾爆炸事故等一系列重大突发公共卫生事件的抢救工作，挽救了一个又一个生命。近年来，邱海波获得江苏省五一劳动奖章、江苏五四青年奖章、全国抗震救灾模范、全国医德标兵、全国师德先进个人、全国优秀科技工作者、卫生部有突出贡献中青年专家、中国医师奖、江苏省"白求恩式卫生工作者"、全省卫生系统抗震救灾先进个人、江苏省师德先进个人，江苏省、全国卫生系统以及中组部防治非典型肺炎先进个人等殊荣。在他的带领下，中大医院重症医学科成为江苏和全国的重症患者救治中心，在2018年复旦大学医学专科声誉排名全国第二！
2020年02月21日,中国科学院院士：新冠肺炎一般不会造成后遗症_荔枝网新闻,中国新闻网,21日，中国科学院院士王福生在新闻发布会上称，自限性疾病临床症状一般一周消失，具体到新冠肺炎，轻型和普通型患者临床上占比超过80%以上。轻症患者如果身体基础条件比较好，休息好，保持良好心情，饮食得当，发病以后，人体免疫整体上占有优势，就有可能逐渐康复。即使是比较重的病人，如果能得到及时专业的治疗，适当用些药物，必要时吸氧，就能维持一个好的人体免疫状态，缩短发病期，较快的进入到康复期。一般也不会造成后遗症，因此大家不必过分恐慌。（记者吴涛）
2020年02月21日,中国科学院院士：新冠肺炎一般不会造成后遗症_荔枝网新闻,中国新闻网,21日，中国科学院院士王福生在新闻发布会上称，自限性疾病临床症状一般一周消失，具体到新冠肺炎，轻型和普通型患者临床上占比超过80%以上。轻症患者如果身体基础条件比较好，休息好，保持良好心情，饮食得当，发病以后，人体免疫整体上占有优势，就有可能逐渐康复。即使是比较重的病人，如果能得到及时专业的治疗，适当用些药物，必要时吸氧，就能维持一个好的人体免疫状态，缩短发病期，较快的进入到康复期。一般也不会造成后遗症，因此大家不必过分恐慌。（记者吴涛）
2020年02月21日, 山东省2月21日通报：新增新冠肺炎确诊病例202例 其中含山东省任城监狱200例_荔枝网新闻,荔枝新闻,trog荔枝新闻讯trog 据山东省卫生健康委员会消息，2020年2月20日12—24时，山东省报告新增新冠肺炎确诊病例202例（含山东省任城监狱200例），累计确诊病例748例（含重症病例7例，危重症病例13例，治愈出院270例，死亡病例4例）；新增疑似病例12例，现有疑似病例30例。截至目前，追踪到密切接触者16450人，已解除医学观察13996人，诊断为疑似或确诊病例291例，尚有2163人正在接受医学观察。详见下表（单位：例）:
2020年02月21日,“吃保健品可以防肺炎”？ 南京玄武区开展特殊食品专项检查_荔枝网新闻,荔枝新闻,疫情期间，市场上各类“吃保健品可以防肺炎”的传言时有发生。根据南京市市场监管局《关于加强新型冠状病毒感染的肺炎防控期间特殊食品生产经营监管工作的通知》要求，玄武区市场监管局迅速行动，以保健食品为重点开展特殊食品专项检查。玄武区市场监管局督促特殊食品经营企业加强行业自律，要求企业做到“五个不得，一个禁止”：一是不得借防控疫情之名，借机对产品进行虚假宣传或者夸大宣传功效；二是不得发布违法广告；三是不得明示或暗示所经营的特殊食品对新型冠状病毒有免疫、防护功效；四是不得在销售防疫用品过程中，强制搭售或诱导购买保健食品等特殊食品；五是不得借机哄抬物价；六是禁止利用包括会议、讲座、健康咨询在内的任何方式（包括线上和线下）对食品进行虚假宣传。为维护特殊食品市场秩序，保障消费者合法权益，该局不断加大疫情期间执法检查力度。对于群众举报的经营户，一律第一时间上门核查，严厉打击不法商家利用疫情之下生产销售假冒伪劣产品、夸大其词虚假宣传、囤积居奇大幅溢价牟利等违法行为，涉嫌犯罪的，移交公安机关依法追究刑事责任；对于未涉举报的其他经营户，定期上门开展检查，积极宣传疫情防控政策要求，引导商家依法经营，诚信服务，落实好疫情防控及食品安全主体责任。据了解，疫情发生以来，玄武区市场监管局上下联动，已检查特殊食品经营户257家次，出动监管人员524人次，张贴各类通告175份，对于一切扰乱市场秩序顶风而上违法行为“零容忍”，助力打赢疫情防控阻击战。（来源：江苏新闻广播孙茂强通讯员史明静韦清海编辑高若婷）
2020年02月21日,武汉市汉阳区：居家自我排查主动申报最高奖500元_荔枝网新闻,荔枝新闻,trog荔枝新闻讯trog 据汉阳知音微信公众号消息，为认真贯彻落实武汉市新冠肺炎疫情防控指挥部“五个百分之百”的要求和《关于在全市实行“双测温两报告”制度》的通知，确保汉阳区排查新冠病毒感染者不落一户、不漏一人，决定实施积极的新冠肺炎防控自我排查奖励办法。现就有关事项公告如下：自公告发布之日起，本辖区居民（除已经排查掌握的患者信息外），凡居家主动申报且首次确定为发热患者并接受集中隔离、核酸检测的，经核实后每人给予200元奖励；凡居家主动申报且首次确定为疑似患者并接受集中隔离、核酸检测的，每人给予300元奖励；凡居家主动申报且首次确诊为新冠肺炎病毒感染者的，每人给予500元奖励。24小时热线电话：027-84461075 13871112345
2020年02月21日,山东介绍任城监狱干警及服刑人员感染新冠肺炎相关情况_荔枝网新闻,闪电新闻,videocotrol=""durtio="0"fbl=""oter="htt:img.v.jtv.comimge202022120202211582255719317_63.jg"rc="htt:vod.v.jtv.comvideo202022120202211582255518668_63_1496.m4"webkit-lyilie=""video山东省政府新闻办公室定于2020年2月21日（星期五）上午10：00召开新闻发布会，邀请山东省卫健委、省司法厅负责同志等介绍我省疫情最新情况及防控相关措施。以下为部分文字实录：记者：刚才袭燕主任在发布中披露了任城监狱干警及服刑人员感染新冠肺炎的问题，请具体介绍一下相关情况。 trog山东省司法厅党委副书记、省监狱管理局党委书记、局长吴磊： trog山东省任城监狱隶属山东省监狱管理局。2月12日下午，任城监狱一值班干警因咳嗽到医院就诊被隔离收治，13日晚22时经双试剂检测后诊断为新冠肺炎确诊病例；同日下午18时，该监狱一备勤干警经核酸检测后诊断为确诊病例。两名干警被隔离收治后，即对任城监狱干警职工、服刑人员及密切接触者全面排查，对相关监区、备勤区、家属区封闭管理，全面做好排查、筛查、隔离、救治等工作。trog任城监狱此次发生疫情，说明我们防控工作的措施落实不力，深感自责。 trogtrog根据山东省委的统一部署，我们主要采取了以下措施： trog一是对任城监狱立即开展了全面筛查隔离。2月14日即对任城监狱密切接触人员开展拉网式排查，并将干警职工密切接触者全面转运至指定宾馆进行隔离；对任城监狱干警家属区落实全封闭管理，做好隔离场所和监狱现场消杀消毒工作。trog2月15日起，将任城监狱服刑人员转移，全部实施单间隔离。2月16日，对任城监狱所有干警职工、服刑人员及相关人员开展核酸检测；21日起开展第二轮全面检测，确保不漏一人，坚决阻断扩散渠道。 trog为救治患者，在省卫健委、住建厅和济宁市的大力支持下，以最快的速度建成定点医院，医院投入使用后，我们将全力配合医护人员救治患者，为医护人员提供好服务保障。 二是对全省监狱系统开展全面排查。2月14日凌晨，派出15个专项检查组，分赴全省监狱督导防控措施、责任落实落地情况。每天对全体干警、职工和服刑人员进行三次体温测量，发现体温异常者，立即隔离观察。对干警职工及其他人员22387人全部排查，除任城监狱外未排查发现其他疑似或确诊病例。全省各市疫情防控指挥部已经将监狱纳入地方党委政府疫情防控大盘子，各市落实责任制，对监狱实行包干负责。全省各监狱都制定了疫情防控应急预案，备好隔离房间，准备好防护物资，确保一旦发生疫情，立即启动应急预案，迅速做好排查、隔离、救治，防止疫情扩大蔓延。  三是对全省监狱系统实行封闭管理。1月27日开始，对全省监狱实行封闭管理，在狱内执勤的干警已连续工作26天，这部分执勤干警疫情不结束，不进行警务轮换，狱外人员一律不进入狱内，狱内生活物资实行无接触运送，切断传染源。对狱外办公区域也实行封闭管理。提高服刑人员的生活标准，增加营养，增强免疫力。
2020年02月21日,当前若跑步 这几点要注意_荔枝网新闻,广州日报,抗击新冠肺炎，专家建议大家少串门、尽量不去人员密集的公共场所。那么，户外跑步还能继续吗？安全吗？不少坚持锻炼的人士或跑步爱好者都有这个疑问。记者就此采访了暨南大学附属第一医院运动医学中心副主任医师李劼若，他表示，结合目前的疫情特点和病毒传播途径，非武汉地区的跑者做好足够的防护和准备，是可以户外跑步的。1.身体情况良好，没有不适，有跑步习惯的朋友可以坚持跑，但从来不跑步的朋友就不要跑了。2.在户外通风地方跑，不要在马路边或人多的地方跑，选择人越稀疏的时间地点越好，和其他路人保持2米以上的距离。3.戴好医用外科口罩跑（最极端的情况是跑的路上遇到新型冠状病毒携带者的飞沫，但在2米以外的距离，戴了口罩，而且空气流通，被传染上的机率非常非常低）。4.自己一个人跑，不要多人一起跑；降低跑步强度、速度、频率，健身性质的跑，30分钟左右最合适，不做大强度、长时间的跑。5.跑后尽快回家换干衣服，避免受凉。总的来说，做到以上要点，可以适当户外跑，这样可以增强体质。但是千万记住，增强了体质不等于就能抵抗病毒，防控疫情的各项措施还是要千万仔细做足。（全媒体记者张青梅通讯员张灿城）
2020年02月21日,超长“待机”下：“世界超市”义乌复苏记_荔枝网新闻,中国新闻网,中新网义乌2月21日电灰暗，被一家家店铺点亮；空寂，被久违的询价声替代……经过20多天的超长“待机”，浙江义乌国际商贸城一区、二区已开业复工，截至21日已有近8万名经营户及采购商完成申报。随着数以万计的人流回归，这座“世界超市”正逐渐“复苏”。这是20年来，徐小宝度过最漫长的一个假期。2001年，徐小宝跟随父亲在义乌国际商贸城开店经营饰品生意，谨尊父亲“开店不离店门口”的叮嘱，只有过年休市才会给自己放个假。年前，徐小宝按惯例囤好货，在春节期间，和许多市场经营户一样“停工不停单”。本以为按照以往年正月十二就能恢复经营，未曾想疫情来势汹汹，使得开市延后，“在家就盼着市场早点开门，工厂早点开工。”作为全球小商品集散地，义乌国际商贸城背后还链接着众多的上中下游企业，对于开市复工都翘首以盼。经过一系列防疫准备，14日，义乌一纸开市通告结束了市场经营户们焦灼的等待。得知市场开市，徐小宝第一时间就进行了健康申报。18日开市当天，通过红外体温测量、出示健康码、身份复核”三道关”，徐小宝才进入市场。打开店门后，他特意将消毒过的新款饰品摆放在了显眼位置，“就想有个好意头。”回忆起以前开市的场景，徐小宝记忆犹新，“很多浙江人过完年出去做生意前都会来义乌进货，所以开市的时候生意特别火爆。”如今走进市场内，率先开张的经营户们忙着摆货、理单，唯有脸上戴着的口罩似在提醒：当下是特殊时期。疫情之下如何收获新订单，对于市场经营户来说，是新的挑战。得益于中国互联网的飞速发展，义乌市场经营户“引客”已转为线上线下相结合。徐小宝坦言，现在很多老客户直接在网上看货下单，因此即使是当下的特殊时期依然每天都有订单，“我相信疫情很快就会过去，一切很快能恢复正常。”相比等待，更多的市场经营户选择在复苏期积蓄力量、积极备战，以期在疫情结束后快速发力，获取先机，赢得更大发展。张吉英在二区经营着一家雨具店铺，产品远销全球100个国家和地区，对市场开市早已“迫不及待”。开市当天，她就整理出了近一百万人民币的订单，都是放假期间接的外贸单子。“相对来说，疫情对我们外贸的影响并不大。因为外国客户离不开中国制造的产品，我们停工了他们也就断货了。现在开市晚了十几天，已经有不少欧美的客户来问什么时候能发货。”张吉英认为，这说明中国制造在全球供应链不可或缺。“市场瞬息万变，我们唯一能做的就是做好产品，以不变应万变。”张吉英说道，接下来将更注重新品的设计研发，创新经营模式、全力开拓新市场，去弥补这一段“空档期”。如其所言，作为全球日用消费品贸易中重要的一链，义乌市场动向牵动着不少外商的目光。开市当天，来自黎巴嫩的采购商拜西尔就直奔饰品区看货。他说，看到开市通告后，立马提交了健康申请，“我手上积累了很多单子，就等着来采购。严格的防控措施让人更放心，我还是会介绍朋友来义乌。”为繁荣市场，义乌政府硬招不断，如以租汽车、包火车、补贴路费等形式破解“用工短缺”，针对满足条件的来义外籍采购商给予免费食宿和航班补贴等，种种硬核举措助力“中国制造”重启，更让无数中小商家看到了冬去春来的希望。
2020年02月21日,清零！青海累计确诊新冠肺炎病例18例 全部治愈出院_荔枝网新闻,人民日报,记者刚才获悉，2月21日上午，青海省最后2例新冠肺炎病例从省第四人民医院出院。新冠肺炎疫情发生以来，青海累计确诊病例18例，至此已全部治愈出院。此次出院的2个病例，分别于2月2日和4日入院，当日确诊，一度从普通型病例转为危重型病例。经省级医疗救治专家组多次会诊，不断优化治疗方案，中西医结合，全力救治。一线医护人员严格落实救治方案，对患者心理疏导，精心照护，在近20天的共同努力下，今日治愈出院。根据国家《新型冠状病毒感染的肺炎诊疗方案（试行第六版）》出院标准，经省级医疗救治专家组评估，符合出院标准。出院后，这两名患者还要按规定在当地医疗卫生机构管理下，继续进行14天医学隔离观察和跟踪随访。
2020年02月21日,“细致严谨，是对战友生命健康负责”_荔枝网新闻,解放军报,2月19日下午，军队支援湖北医疗队湖北省妇幼保健院光谷院区接收首批55名新冠肺炎患者。看着他们入住病房开始接受治疗，李丹舒了一口气。李丹是光谷院区感染控制科主任。入伍27年，她长期负责疾病预防控制工作，此次临危受命深知肩负的责任：“身在疫情防控一线，感染控制科就像一扇阻断病毒的‘健康之门’，保护医务人员健康，确保患者早日康复。”与病魔较量，必须与时间赛跑。医疗队刚进驻，为了以最快速度收治患者，她和战友一起动手安装调试医疗设备，使医院在接手50多个小时后具备收治条件，并开始接收首批患者。从收治首批患者开始，李丹更加忙碌了，有时协调一项具体工作，就要接打10多个电话……她说：“早一分钟救治，患者的健康就多一分保障。”李丹手中总是拿着个小本子，上面记满各种需要解决的难题，大到协调解决医院防护消毒、垃圾处理事宜，小到医疗区、缓冲区门窗的密封，已经解决的打个“钩”，特别重要的划上“横线”。20日，新开设的几个病区具备收治条件，即将接收患者。一大早，李丹和战友就着手对防护区域进行安全检查，问题解决落实到人，完成时限具体到分钟。“细致严谨，是对战友生命健康负责。”这是李丹经常挂在嘴边的话。20日，一批医用物资运达医院，李丹和战友立即投入验收、登记、入库工作，她反复提醒大家：“不能有一丝一毫马虎，必须做到绝对安全可靠。”忙完物资接收，李丹看到几名医护人员正进行穿戴防护装备训练，便走上前细心检查。当发现一名女护士的一缕头发暴露在防护服外时，她暖心地提醒：“走上防疫战场，爱护自己才能保持战斗力。”（本报武汉2月20日电陈国全李永飞）
2020年02月21日,【地评线】荔枝网评：磨砺科学防治利器 增强齐心战疫底气_荔枝网新闻,荔枝新闻,trog特约评论员徐江trog面对疫情，习近平总书记多次强调“科学防治”。12日，习近平总书记主持召开的中央政治局常委会会议特别强调，“各级党委、政府和各级领导干部要扛起责任、经受考验，既有责任担当之勇、又有科学防控之智”。从科研战线快速分离出新型冠状病毒、部分药物初步显示出临床疗效、部分疫苗品种进入动物试验阶段，到医疗战线早发现早治疗、集中力量救治、中西医结合显成效，再到科技战线大数据、无人机、人工智能等新技术大显身手……在抗疫战场上，科学的“硬核力量”不断显现，成为阻击疫情有力的武器。科学技术是社会进步的强大支撑，也是战胜困难挑战的有力保障。战胜新冠肺炎疫情，需要尊重科学、相信科学。新冠肺炎疫情发生以来，从“依法科学有序防控至关重要”的叮嘱，到“坚定信心、同舟共济、科学防治、精准施策”的总要求，从控制传染源、救治被传染者，到切断传播途径、保护易感人群，正是全国上下科学有序地开展疫情防控工作，为打赢疫情防控阻击战提供了坚实科学支撑，推动疫情形势出现积极变化，防控工作取得积极成效。方法越科学，防控就会越有力有效。当前，疫情形势出现积极变化，但现在疫情防控正处于胶着对垒状态，防控工作也到了最吃劲的关键阶段，更加需要各个方面、各个防控主体坚持科学的态度、采用科学的方法，坚持精准施策、做好协同配合。trog坚持精准施策，运用科学的方法对抗疫情。trog疫情发生以来，无论是疫情监测、排查、预警等工作的精准到位，还是防控指挥体系的有效应对；无论是疫情防控中技术手段的更好运用，还是公众对病毒和防控的科学认识，科学化、系统化实施防控，都为有力有序有效战胜疫情奠定了坚实支撑。对各级党委和政府、广大领导干部来说，要进一步强化科学防治思维理念，把问题想得严重一些，把风险想得大一些，把措施定得更周密一些，把科学有序的各项防控要求落到实处。要注重精准施策，尽快找差距、补短板，最大限度减少因决策失误带来的不利影响，让各项防控举措更加有力、更加有效，不断增强全社会携手抗击疫情的底气和勇气。trog坚持对症下药，运用科学的武器对抗病毒。trog对疫情每多一分认识，战胜疫情就多一分底气。疫情发生后，一系列针对新冠肺炎的应急科研攻关迅速展开，一场科学防治之战由此打响，广大医护人员不辞劳苦、科学救治，努力完善诊疗方案，提高收治率治愈率；广大科技人员不畏艰难、勇于攻关，加快病毒溯源等研究，为不断战胜疫情提供了技术支撑。打赢疫情防控战役，广大医务科研人员更要以“与时间赛跑”的紧迫感、以“舍我其谁”的担当，加大科研攻关力度，科学论证病毒来源，尽快查明传染源和传播途径，密切跟踪病毒变异情况，加强溯源和病原学检测分析，及时研究防控策略和措施，加快治疗药品和疫苗研发，更好依靠科学武器战胜疫情。trog坚持普及宣传，运用科学的知识对抗恐慌。trog在这次疫情防控中，相关部门和科研机构积极参与疫情防控的科普工作，为普及相关科学知识解疑释惑，回应人民群众关切，起到了稳定情绪、安定人心的重要作用。打赢疫情防控阻击战，应继续结合疫情防控工作实际，做好相关科普工作，向公众提供权威科普知识，解读疫情防控措施，帮助公众正确认识疫情发展态势、掌握疫情防控知识、提高自我防护意识和能力，让科学防疫知识走进千家万户，使人民群众懂得用科学态度对待疫病、用科学手段防治疫情，既减少感染病毒的风险，又避免出现恐慌情绪，增强人民群众战胜疫情的坚定信心，汇聚全民齐心战胜疫情的磅礴伟力。抗击疫情是一场全民行动，更是一场科学战役。当前疫情还在发展，形势依然严峻，与病毒的斗争仍要坚持不懈。相信科学、尊崇科学、依靠科学，做到依法科学有序防控，把疫情的危害降低到最小，坚决打赢这场疫情防控的人民战争、总体战、阻击战。（徐江）
2020年02月21日,【地评线】荔枝网评：打赢疫情防控阻击战，中国有信心有能力有把握_荔枝网新闻,荔枝新闻,trog特约评论员秦希trog国家主席习近平20日应约同巴基斯坦总理伊姆兰·汗通电话。习近平指出，抗击新冠肺炎疫情是当前中国政府的头等大事。经过广大医务人员和全国各族人民艰苦努力，目前疫情形势已开始出现积极变化。我们不仅有信心、有能力、有把握打赢这场疫情防控阻击战，而且能将疫情影响降到最低，努力实现今年经济社会发展目标任务。trog打赢疫情防控阻击战，我们有信心。trog疫情防控，信心比黄金更可贵。在“坚定信心、同舟共济、科学防治、精准施策”总要求中，排在首位的就是“坚定信心”。那么，打赢疫情防控阻击战的信心从何而来？信心就在于中国共产党的坚强领导，在于国家强大的动员能力，在于举国体制的制度优势，在于今非昔比的综合国力。在坚定信心基础上，19个省份以“一省包一市”方式对口支援湖北，武汉保卫战和湖北保卫战已经打响。trog打赢疫情防控阻击战，我们有能力。trog疫情就是命令，防控就是责任。从白衣战士到科研人员，从普通群众到党员干部，党中央一声令下，各地各部门协调联动，形成了联防联控的强大合力。与时间赛跑，与病魔赛跑，科研人员仅用几天时间就分离出了新冠病毒并且完成了基因测序，火神山、雷神山两所医院短短数日就已建成投入使用。医务人员、志愿者、普通民众等各方力量已然汇聚形成强大的、不可战胜的中国力量。trog打赢疫情防控阻击战，我们有把握。trog“疫情是魔鬼，我们不能让魔鬼藏匿。”疫情发生以来，中国采取了最全面、最严格、最彻底的防控举措。在疫苗研发方面，多路线部署并行推进研发，预计最快的疫苗将于4月下旬左右申报临床试验，这给防控工作增添了信心。随着诊疗手段不断完善，以及患者收治率和治愈率不断提升，疫情形势已经出现积极变化，防控工作取得积极成效，这也是我们打赢疫情防控阻击战的把握之所在。复工复产有序推进，疫情防控底气十足。推动企业复工复产，是打赢疫情防控阻击战的实际需要，是经济社会稳定运行的重要保证。连日来，从珠三角到东北老工业基地，从深圳到雄安新区，复工复产都在有序推进。初步统计，国资委监管的中央企业所属的2万余户主要生产型子企业开工率已经超过80%。石油石化、通信、电网、交通运输等行业开工率，目前也已超过95%。随着经济社会发展步入正轨，疫情防控底气十足。历史长河奔腾不息，有风平浪静，也有波涛汹涌。彻底战胜疫情，我们有能力、有信心、有把握；完成既定经济社会发展目标任务，我们同样有能力、有信心、有把握。不惧风雨，不畏险阻，在抓实抓细疫情防控措施同时全力推动企业复工复产，我们必能实现疫情防控阻击战和经济社会发展目标任务的双胜利。待到山花烂漫时，中国还是那个充满活力的中国。你瞧，那已然绽放的山桃花，就是春天来临的信号。（秦希）
2020年02月21日,任城监狱发生新冠肺炎疫情 确诊207例 山东省司法厅厅长被免职_荔枝网新闻,荔枝新闻,trog荔枝新闻讯trog据山东省委组织部官方微信消息，因任城监狱疫情防控不力，经省委研究决定，免去解维俊同志的省司法厅党委书记、厅长，省监狱管理局党委书记、第一政委职务；王玉君同志任省司法厅党委书记，省监狱管理局第一政委，提名为省司法厅厅长人选。另据闪电新闻，2月20日，山东全省报告新增确诊病例202例，其中任城监狱200例。截至24时，累计确诊病例748例（含治愈出院270例，死亡病例4例）；新增疑似病例12例，现有疑似病例30例。截至目前，追踪到密切接触者16450人，已解除医学观察13996人，尚有2163人正在接受医学观察。近期，任城监狱发生新冠肺炎疫情。截至2月20日，已全面完成对该监狱相关人员2077人的核酸检测，确诊病例207例，其中，干警7例，服刑人员200例，干警7例之前已统计在济宁病例中即时发布。对所有确诊人员已采取了有效治疗措施。组织流行病学专家全力做好排查和溯源工作。trog相关报道&gt;&gt;trog
2020年02月21日,西藏连续22天无新增病例 拉萨对进藏人员进行健康登记_荔枝网新闻,中国新闻网,西藏自治区卫生健康委员会21日通报显示，西藏连续22天无新增新型冠状病毒肺炎确诊或疑似病例，仍维持1例确诊病例。另外，拉萨市自2020年2月21日开始，在全市疫情防控期间建立进藏来拉萨人员健康登记报告制度。截至2月20日24时，西藏现有确诊病例0例，重症病例0例，死亡病例0例，疑似病例0例，治愈出院病例1例。累计确诊病例1例。西藏唯一一例输入型确诊患者张某某12日治愈出院，32名密切接触者已解除医学隔离观察。此外，由于当前拉萨市新冠肺炎疫情防控工作进入关键阶段，经研究决定，拉萨市应对新冠肺炎疫情工作领导小组办公室20日发布《关于开展进藏来拉人员健康登记报告的公告》(简称《公告》)。《公告》有关事项通告如下：一、进藏来拉人员可通过识别二维码进行健康登记，为实现便利通行，请您尽量在抵达拉萨前将相关信息填报完毕。二、为便于您所属单位和村(居)社区向您提供居家隔离期间的基本生活保障服务，请您如实填写抵达拉萨的居住地址。三、进藏来拉人员不会使用手机填报的，可在出发前让家人朋友或同行人员用您的手机填写。没有手机的，可使用别人的手机代为填写，也可以在抵达贡嘎机场、拉萨火车站、国省干道检查站后手工填报纸质登记表。四、若您在拉萨有固定居住场所，请您做好14天居家隔离，并接受所在单位或村(居)社区服务管理，每天报告个人健康状况；若您在拉萨无固定场所，您可选择拉萨市或相关地市向您推荐的隔离服务定点酒店，也可以自行选择酒店进行隔离，隔离期间请接受定点酒店工作组或非定点酒店工作人员服务管理。(完)
2020年02月21日,浙江省一监狱34名罪犯确诊新冠肺炎 监狱政委监狱长被免职_荔枝网新闻,荔枝新闻,trog荔枝新闻讯trog 据浙江发布消息，浙江省通报昨日新增新冠肺炎确诊病例28例。其中27例为省十里丰监狱罪犯，加上此前已公布的7例确诊病例，省十里丰监狱共有罪犯确诊病例34例，为输入型病例。浙江省十里丰监狱新冠肺炎疫情发生后，浙江省监狱系统严格落实国务院联防联控机制要求，在当地党委、政府统一领导下，全面彻底排查，对疑似病例及其密切接触者一律隔离观察，对确诊患者一律送诊治疗，确保全部得到及时救治。目前没有发生监狱在押罪犯感染新冠肺炎死亡的事件。浙江省司法厅已派出督导组进驻省十里丰监狱现场督查。监狱政委和监狱长已被免职，公安机关对一名涉事干警立案调查。省十里丰监狱已严格实行全封闭管理，坚决堵住漏洞，防止疫情扩散蔓延。trog相关报道&gt;&gt;trogtroghref="htt:ew.jtv.com202002211582250625388.html"任城监狱发生新冠肺炎疫情确诊207例山东省司法厅厅长被免职trog
2020年02月21日,天津21日通报：无新增新冠肺炎确诊病例 累计确诊131例_荔枝网新闻,荔枝新闻,trog荔枝新闻讯trog 2月20日18时至2月21日6时，天津市无新增新冠肺炎确诊病例。截至目前，天津市累计报告新冠肺炎确诊病例131例，其中男性71例，女性60例；危重型2例、重型20例、普通型46例、轻型1例，治愈出院59例，死亡3例。疑似病例173例。累计排查密切接触者2037例，尚有726人正在接受医学观察。
2020年02月21日,西藏连续22天无新增新冠肺炎确诊或疑似病例 现有病例为零_荔枝网新闻,荔枝新闻,trog荔枝新闻讯trog截至2月20日24时，西藏自治区现有新冠肺炎确诊病例0例，重症病例0例，死亡病例0例，疑似病例0例，治愈出院病例1例，累计确诊新冠肺炎病例1例。连续22天无新增确诊或疑似病例。
2020年02月21日,广东21日通报：新增新冠肺炎确诊病例1例 新增出院45例_荔枝网新闻,荔枝新闻,trog荔枝新闻讯trog 截至2月20日24时，广东省累计报告新冠肺炎确诊病例1333例。20日当天广东全省新增确诊病例1例，为东莞市1例。新增出院45例，累计出院664例。新增出院病例中，1例为危重型病例治愈出院，4例为重型病例治愈出院，其他为普通型或者轻型治愈出院。另有疑似病例1例。有1926名密切接触者正在接受医学观察。累计报告确诊病例中，深圳市416例、广州市339例、珠海市98例、东莞市93例、佛山市84例、中山市66例、惠州市62例、汕头市25例、江门市23例、湛江市22例、肇庆市18例、梅州市16例、茂名市14例、阳江市13例、清远市12例、韶关市10例、揭阳市8例、汕尾市5例、潮州市5例、河源市4例。男性656例，女性677例，年龄介于2月龄-90岁之间。截至2月20日24时，在院的664例确诊病例中，轻型61例，普通型541例，重型35例，危重型27例。累计死亡5例。
2020年02月21日,巡演取消在家追《爱的迫降》 蔡依林晒照隔空呼唤玄彬_荔枝网新闻,港星台娱,据香港媒体报道，蔡依林因新冠肺炎肆虐而取消巡回演唱会，暂时休息的她，最近宅在家煲玄彬及孙艺珍合演的韩剧《爱的迫降》，还搞笑地晒照隔空呼唤玄彬。在蔡依林晒出的照片中，她化身《爱的迫降》剧中女主角“尹世莉”，并以“尹世莉”身份对海隔空向玄彬“李政赫”示爱，还留言：“李症赫（李政赫）”，网友看后也凑热闹陪她“入戏”，纷纷留言道：“蔡世莉迫降到海边”，十分搞笑。
2020年02月21日,目的地方舱医院！第九批江苏援武汉医疗队今日出征_荔枝网新闻,我苏网,接到通知后，江苏省卫生健康委紧急部署医疗队组建工作。trog江苏省中医院积极响应，第一时间从医院前期组建的预备队中挑选10名中医内科医生，1名感染管理，20名护士，组成拥有20名党员（预备党员1名）、3名入党积极分子的医疗团队。trog记者注意到，这次出征，省中医院还专门为队员们准备了具有芳香化湿、避秽解毒功效的香囊，希望大家平平安安。
2020年02月21日,全国新增新冠肺炎确诊病例889例 累计75465例_荔枝网新闻,国家卫健委网站,据国家卫健委消息，2月20日0—24时，31个省（自治区、直辖市）和新疆生产建设兵团报告新增确诊病例889例，新增死亡病例118例（湖北115例，浙江、重庆、云南各1例），新增疑似病例1614例。当日新增治愈出院病例2109例，解除医学观察的密切接触者28804人，重症病例减少231例。截至2月20日24时，据31个省（自治区、直辖市）和新疆生产建设兵团报告，现有确诊病例54965例（其中重症病例11633例），累计治愈出院病例18264例，累计死亡病例2236例，累计报告确诊病例75465例，现有疑似病例5206例。累计追踪到密切接触者606037人，尚在医学观察的密切接触者120302人。湖北新增确诊病例631例（武汉319例），新增治愈出院病例1451例（武汉766例），新增死亡病例115例（武汉99例），现有确诊病例48730例（武汉37448例），其中重症病例10997例（武汉9628例）。累计治愈出院病例11788例（武汉6214例），累计死亡病例2144例（武汉1684例），累计确诊病例62662例（武汉45346例）。新增疑似病例1279例（武汉979例），现有疑似病例4094例（武汉2820例）。累计收到港澳台地区通报确诊病例102例：香港特别行政区68例（出院5例，死亡2例），澳门特别行政区10例（出院6例），台湾地区24例(出院2例，死亡1例)。
2020年02月21日,湖南21日通报：新增新冠肺炎确诊病例1例 新增出院60例_荔枝网新闻,荔枝新闻,trog荔枝新闻讯trog 2月20日0-24时，湖南省报告新型冠状病毒肺炎新增确诊病例1例，新增重症病例4例，新增死亡病例0例，新增出院病例60例。其中:新增确诊病例中，常德市1例。新增重症病例中，长沙市3例，常德市1例。新增出院病例中，长沙市15例、衡阳市5例、株洲市6例、邵阳市7例、岳阳市8例、常德市3例、益阳市13例、娄底市3例。截至2月20日24时，湖南省累计报告新型冠状病毒肺炎确诊病例1011例，累计报告重症病例144例，现有重症病例43例，死亡病例4例，出院病例638例，在院治疗369例。其中:确诊病例中，长沙市242例、衡阳市48例、株洲市78例、湘潭市35例、邵阳市102例、岳阳市156例、常德市80例、张家界市5例、益阳市59例、郴州市39例、永州市43例、怀化市40例、娄底市76例、湘西自治州8例。现有重症病例中，长沙市13例、衡阳市1例、株洲市6例、湘潭市4例、邵阳市6例、岳阳市1例、常德市3例、益阳市3例、郴州市1例、永州市1例、娄底市4例。死亡病例中，长沙市2例、邵阳市1例、岳阳市1例。出院病例中，长沙市125例、衡阳市37例、株洲市46例、湘潭市17例、邵阳市78例、岳阳市72例、常德市52例、张家界市5例、益阳市48例、郴州市29例、永州市30例、怀化市38例、娄底市54例、湘西自治州7例。目前追踪到密切接触者26556人，已解除医学观察24610人，尚有1946人正在接受医学观察。根据湖南省新型冠状病毒肺炎疫情分区分级评估标准，从即日起，安化县、茶陵县、道县、赫山区、临湘市、芦淞区、南县、双峰县、苏仙区、天心区、武冈市11个县市区由中风险B类地区调低为中风险C类地区。衡南县、平江县、宜章县、资兴市4个县市区由中风险C类地区调低为低风险地区。
2020年02月21日,江苏疫情地图：2月20日无新增新冠肺炎确诊病例，连续两日无新增_荔枝网新闻,江苏广电融媒体新闻中心,据江苏卫健委2月21日通报：2020年2月20日0-24时，trog江苏省无新增新型冠状病毒肺炎确诊病例。新增出院病例27例。trog新增重型病例1例（原为普通型病例）,1例重型病例转为普通型病例。截至2月20日24时，trog江苏省累计报告新型冠状病毒肺炎确诊病例631例。其中，轻型病例49例，普通型病例572例，重型病例6例，危重型病例4例。出院病例352例。trog确诊病例中，南京市93例、无锡市55例、徐州市79例、常州市51例、苏州市87例、南通市40例、连云港市48例、淮安市66例、盐城市27例、扬州市23例、镇江市12例、泰州市37例、宿迁市13例。重型病例中，南京市1例、无锡市1例、徐州市1例、苏州市1例、淮安市1例、镇江市1例。危重型病例中，南京市1例、连云港市1例、淮安市1例、盐城市1例。出院病例中，南京市47例、无锡市36例、徐州市55例、常州市29例、苏州市38例、南通市23例、连云港市18例、淮安市34例、盐城市20例、扬州市13例、镇江市8例、泰州市24例、宿迁市7例。目前，trog江苏省追踪到密切接触者12590人，已解除医学观察11007人，尚有1583人正在接受医学观察。trog专家提示，近期公众个人防护注意事项：保持手卫生，饭前便后、接触容易污染的物品后都要正确洗手。水果蔬菜食用前应清洗干净，蔬菜、肉类充分烹饪熟后再吃，水果最好削皮，处理生食和熟食的切菜板和刀具要分开并注意及时洗手。尽量少吃不吃凉拌菜等，不喝生水，不喝隔夜水，不喝久放的桶装水。单位防护注意事项：积极开展爱国卫生运动。各单位要做好环境卫生，厕所和卫生间强化日常清扫和消毒。单位尽量减少集体性活动。食堂要加强餐具、用具消毒，加强室内通风换气，改善室内空气质量。菜品生熟分开，容器保持清洁干燥。职工就餐时提倡错峰就餐，尽量不堂食，排队及就餐时要保持一定的距离。更多阅读&gt;&gt;&gt;href="htt:ew.jtv.com202002201582161475224.html"江苏疫情地图：2月19日无新增新型冠状病毒肺炎确诊病例
2020年02月21日,辽宁2月21日通报：无新增新冠肺炎确诊病例 新增治愈出院3例_荔枝网新闻,荔枝新闻,trog荔枝新闻讯trog2020年2月20日0—24时，辽宁省无新增新型冠状病毒肺炎确诊病例。新增3例治愈出院病例，其中锦州市1例、盘锦市1例、葫芦岛市1例。全省累计报告新型冠状病毒肺炎确诊病例121例，治愈出院61例，死亡1例。现有59名确诊患者在院治疗，其中有57名在沈阳、大连、锦州三个省集中救治中心治疗（沈阳中心35人、大连中心12人、锦州中心10人），其余2人分别在朝阳市、葫芦岛市定点医疗机构隔离治疗。59名在治患者中，重型病例3例，危重型病例2例。辽宁省121例确诊病例中，沈阳市28例、大连市19例、鞍山市4例、本溪市3例、丹东市7例、锦州市12例、营口市1例、阜新市8例、辽阳市3例、铁岭市7例、朝阳市6例、盘锦市11例、葫芦岛市12例。目前累计追踪到密切接触者2717人，已解除医学观察2359人，现有358人正在接受医学观察。
2020年02月21日,陕西21日通报：无新增新冠肺炎确诊病例 累计确诊245例_荔枝网新闻,荔枝新闻,trog荔枝新闻讯trog 截至2月21日9时，陕西无新增新冠肺炎确诊病例，新增疑似病例8例。陕西累计报告新冠肺炎确诊病例245例（117例治愈出院，1例死亡），其中输入性病例116例，密切接触者114例，无明确接触史病例15例。累计确诊病例中，西安市120例、宝鸡市13例、咸阳市17例、铜川市8例、渭南市15例、延安市8例、榆林市3例、汉中市26例、安康市26例、商洛市7例、杨凌示范区1例，韩城市1例。全省现有疑似病例46例。陕西省新增密切接触者501人，累计18155人，均集中医学观察。新增解除密切接触者542人，累计解除密切接触者13148人。
2020年02月21日,江西2月21日通报：无新增新冠肺炎确诊病例 新增治愈出院病例57例_荔枝网新闻,荔枝新闻,trog荔枝新闻讯trog 2020年2月20日0时—24时，江西省无新增新型冠状病毒肺炎确诊病例，新增治愈出院病例57例。新增治愈出院病例中，南昌市12例、新余市12例、宜春市11例、上饶市9例、赣州市6例、九江市3例、萍乡市2例、抚州市2例。截至2月20日24时，江西省现有住院确诊病例444例。累计报告新型冠状病毒肺炎确诊病例934例，其中治愈出院病例489例，死亡病例1例。现有重症病例26例。现有疑似病例2例。确诊病例中，南昌市229例、新余市130例、上饶市123例、九江市118例、宜春市106例、赣州市76例、抚州市72例、萍乡市33例、吉安市22例、鹰潭市18例、景德镇市6例、赣江新区1例。治愈出院病例中，南昌市145例、新余市80例、上饶市64例、宜春市53例、九江市47例、抚州市37例、赣州市34例、萍乡市11例、吉安市11例、鹰潭市4例、景德镇市3例。疑似病例中，九江市1例、抚州市1例。目前追踪到密切接触者25552人，解除医学观察22611人，尚有2941人正在接受医学观察。
2020年02月21日,宁夏21日通报：无新增新冠肺炎确诊病例 累计确诊71例_荔枝网新闻,荔枝新闻,trog荔枝新闻讯trog 2020年2月20日0—24时，宁夏无新增新型冠状病毒肺炎确诊病例，新增出院病例2例（兴庆区2例）。截至2月20日24时，宁夏全区现有确诊病例27例，累计出院病例44例。宁夏全区累计报告确诊病例71例，其中银川市33例（兴庆区13例、金凤区8例、西夏区6例、永宁县5例、灵武市1例），石嘴山市1例（大武口区），吴忠市28例（利通区4例、青铜峡市4例、同心县16例、红寺堡区4例），固原市5例（原州区2例、隆德县3例），中卫市3例（沙坡头区2例、中宁县1例），宁东1例（宁东镇）。现有疑似病例21例。目前，累计解除隔离医学观察3015人,尚集中隔离医学观察1204人。
2020年02月21日,海南2月21日通报：无新增新冠肺炎确诊病例 新增5例出院病例_荔枝网新闻,荔枝新闻,trog荔枝新闻讯 trog2月20日0时-24时，海南省报告新冠肺炎新增确诊病例0例，新增重症病例0例，新增死亡病例0例，新增重症转普通病例1例，新增出院病例5例。新增重症转普通病例中，三亚市1例；新增出院病例中，三亚市3例、乐东县2例。截至2月20日24时，海南省累计报告新冠肺炎确诊病例168例，重症病例8例，死亡病例4例，出院病例89例。确诊病例中，海口市39例、三亚市54例、儋州市15例、文昌市3例、琼海市6例、万宁市13例、东方市3例、澄迈县9例、临高县6例、昌江县7例、陵水县4例、定安县3例、保亭县3例、乐东县2例、琼中县1例。截至2月20日24时，追踪到密切接触者5679人，已解除医学观察4668人，尚有1011人正在接受集中医学观察。
2020年02月21日,青海21日通报：无新增新冠肺炎确诊病例 累计确诊18例_荔枝网新闻,荔枝新闻,trog荔枝新闻讯trog 2020年2月20日0-24时，青海省报告新型冠状病毒肺炎新增确诊病例0例，新增重症病例0例，新增死亡病例0例，新增出院病例0例。当日无新增确诊病例和疑似病例。截至2月20日24时，青海省累计报告新型冠状病毒肺炎确诊病例18例，其中：重症病例0例，死亡病例0例，出院病例16例。累计确诊病例中，西宁市15例，海北州3例。尚有2例确诊患者住院治疗。目前累计追踪到密切接触者437人，已解除医学观察404人，尚有33人正在接受医学观察。
2020年02月21日,新疆2月21日通报：新增2例岀院病例 连续三天无新增新冠肺炎病例_荔枝网新闻,荔枝新闻,trog荔枝新闻讯trog 2月21日新疆最新通报，新疆(含兵团)新增2例岀院病例，连续三天无新增新冠肺炎。新疆维吾尔自治区卫生健康委最新通报,2月20日0时至24时，新疆维吾尔自治区(含新疆生产建设兵团)无新增新冠肺炎确诊病例。新增岀院病例2例，均为乌鲁木齐市病例。截至2月20日24时，新疆维吾尔自治区(含新疆生产建设兵团)累计报告新冠肺炎确诊病例76例，其中新疆维吾尔自治区52例，新疆生产建设兵团24例。确诊病例中，乌鲁木齐市23例、伊犁州18例、吐鲁番市3例、阿克苏地区1例、昌吉州4例、巴州3例、兵团第七师1例、兵团第八师4例、兵团第九师4例、兵团第六师2例、兵团第十二师3例、兵团第四师10例。累计治愈出院病例22例，死亡病例1例。出院病例中，乌鲁木齐市10例、吐鲁番市1例、伊犁州6例、阿克苏地区1例、昌吉州2例、兵团第七师1例、兵团第八师1例。现有住院隔离治疗53人，其中重症病例9例、危重症病例3例。目前尚有6279人正在接受医学观察。
2020年02月21日,2月21日最新发布：20日江苏无新增新冠肺炎确诊病例 新增出院27例_荔枝网新闻,我苏网,trog我苏网讯trog 据江苏省卫健委2月21日权威发布，2020年2月20日0-24时，江苏省无新增新型冠状病毒肺炎确诊病例。新增出院病例27例。新增重型病例1例（原为普通型病例）,1例重型病例转为普通型病例。截至2月20日24时，江苏省累计报告新型冠状病毒肺炎确诊病例631例。其中，轻型病例49例，普通型病例572例，重型病例6例，危重型病例4例。出院病例352例。确诊病例中，南京市93例、无锡市55例、徐州市79例、常州市51例、苏州市87例、南通市40例、连云港市48例、淮安市66例、盐城市27例、扬州市23例、镇江市12例、泰州市37例、宿迁市13例。重型病例中，南京市1例、无锡市1例、徐州市1例、苏州市1例、淮安市1例、镇江市1例。危重型病例中，南京市1例、连云港市1例、淮安市1例、盐城市1例。出院病例中，南京市47例、无锡市36例、徐州市55例、常州市29例、苏州市38例、南通市23例、连云港市18例、淮安市34例、盐城市20例、扬州市13例、镇江市8例、泰州市24例、宿迁市7例。目前，江苏省追踪到密切接触者12590人，已解除医学观察11007人，尚有1583人正在接受医学观察。专家提示，近期公众个人防护注意事项：保持手卫生，饭前便后、接触容易污染的物品后都要正确洗手。水果蔬菜食用前应清洗干净，蔬菜、肉类充分烹饪熟后再吃，水果最好削皮，处理生食和熟食的切菜板和刀具要分开并注意及时洗手。尽量少吃不吃凉拌菜等，不喝生水，不喝隔夜水，不喝久放的桶装水。        单位防护注意事项：积极开展爱国卫生运动。各单位要做好环境卫生，厕所和卫生间强化日常清扫和消毒。单位尽量减少集体性活动。食堂要加强餐具、用具消毒，加强室内通风换气，改善室内空气质量。菜品生熟分开，容器保持清洁干燥。职工就餐时提倡错峰就餐，尽量不堂食，排队及就餐时要保持一定的距离。tyle="fot-ize:13x;"（来源：健康江苏）
2020年02月21日,四川21日通报：新增新冠肺炎确诊病例5例 新增治愈出院24例_荔枝网新闻,荔枝新闻,trog荔枝新闻讯trog 2月20日0—24时，四川省新型冠状病毒肺炎新增确诊病例5例，新增治愈出院病例24例，新增疑似病例16例，无新增死亡病例。新增确诊病例中，成都市2例、德阳市1例、达州市1例、甘孜州1例。截至2月21日0时，四川省累计报告新型冠状病毒肺炎确诊病例525例，涉及21个市（州）。现有疫情县（市、区）101个，无疫情县（市、区）82个。525名确诊患者中，正在住院隔离治疗300人（其中危重18人），已治愈出院222人，死亡3人。现有疑似病例84例。当日解除医学观察599人，现有2111人正在接受医学观察。
2020年02月21日,福建21日通报：无新增新冠肺炎确诊病例 新增治愈出院22例_荔枝网新闻,荔枝新闻,trog荔枝新闻讯trog 2月20日0—24时，福建省报告新增新型冠状病毒肺炎确诊病例0例，新增治愈出院病例22例。报告新增新型冠状病毒肺炎疑似病例0例。截至2月20日24时，福建省累计报告新型冠状病毒肺炎确诊病例293例（危重型7例、重型7例，死亡病例1例）。
2020年02月21日,安徽21日通报：新增新冠肺炎确诊病例1例 新增治愈出院76例_荔枝网新闻,荔枝新闻,trog荔枝新闻讯trog 根据安徽省卫健委的消息：2020年2月20日0—24时，安徽省报告新增确诊病例1例，新增疑似病例1例，新增治愈出院病例76例。新增确诊病例中，合肥1例。新增疑似病例中，马鞍山1例。新增治愈出院病例中，蚌埠16例、阜阳15例、合肥11例、安庆9例、亳州7例、六安5例、芜湖4例、池州3例、宿州2例、淮南2例、淮北1例、滁州1例。截至2月20日24时，安徽省累计报告确诊病例988例，累计治愈出院病例500例，累计死亡病例6例，累计医学观察密切接触者25909人，尚在医学观察3332人。累计确诊病例中，合肥174例、蚌埠160例、阜阳155例、亳州108例、安庆83例、六安69例、宿州41例、马鞍山37例、芜湖33例、铜陵29例、淮北27例、淮南27例、池州17例、滁州13例、黄山9例、宣城6例。截至2月20日24时，安徽省在院治疗确诊病例482例，其中危重症病例3例。2月21日预计治愈出院67例，蚌埠25例、合肥11例、阜阳11例、亳州5例、六安4例、芜湖4例、马鞍山2例、安庆2例、淮北1例、宿州1例、铜陵1例。
2020年02月21日,河南21日通报：新增新冠肺炎确诊病例2例 累计确诊1267例_荔枝网新闻,荔枝新闻,trog荔枝新闻讯trog 2020年2月20日0—24时，河南省新增新型冠状病毒肺炎确诊病例2例，新增出院病例103例。新增确诊病例中，信阳市1例、郑州市1例。截至2月20日24时，河南省累计报告新型冠状病毒肺炎确诊病例1267例，现有重症病例24例，现有危重病例21例，累计死亡病例19例，累计出院病例717例。其中：确诊病例中，信阳市270例（含固始县31例）、郑州市157例（含巩义市9例）、南阳市155例（含邓州市17例）、驻马店市139例（含新蔡县10例）、商丘市91例（含永城市14例）、周口市76例（含鹿邑县7例）、平顶山市58例（含汝州市1例）、新乡市57例（含长垣市13例）、安阳市53例（含滑县2例）、许昌市39例、漯河市35例、焦作市32例、洛阳市31例、开封市26例（含兰考县5例）、鹤壁市19例、濮阳市17例、三门峡市7例、济源示范区5例。目前累计追踪到密切接触者38266人，2月20日已解除观察6678人，诊断为疑似53人，共有6798人正在接受医学观察。
2020年02月21日,无锡捐献血浆新冠肺炎治愈者：我也要加入这次抗“疫”行动！_荔枝网新闻,荔枝新闻,trog荔枝新闻讯trog今天（2月20日）上午，无锡市滨湖区一名新冠肺炎痊愈患者在无锡市五院完成血浆捐献，这些血浆将在今晚用于救治其他新冠肺炎患者。这名治愈者了解到，治愈者的血浆可能对新冠肺炎患者有一定治疗效果，就主动向滨湖区疾控中心提出要捐献血浆的想法。滨湖区疾控中心紧急联系无锡市五院，并派专车全程护送，到五院后，第一时间检测血液，符合捐献标准的这名治愈者成为无锡市滨湖区首例成功捐献血浆的新冠肺炎痊愈患者。“从确诊到住院再到痊愈出院，我很感谢滨湖区疾控中心和五院的医务工作者们，是他们用专业的技术、无微不至的照顾，让我战胜新冠病毒。他们很辛苦，我希望通过捐献血浆来帮助更多患者，也表达我对医务工作者的感激之情。”这名捐献者很瘦弱，体重只有50kg，刚刚到达献血标准，而且是第一次献血。考虑到他大病初愈等情况，医院建议他只献200ml，但他坚持要献300ml。他说：“我现在身体状况很好，多献一点说不定能帮到更多人，就让我献300ml吧。我虽不能像你们医务工作者一样冲锋在前，但我也希望能尽自己的一份力量，我捐献，我荣幸。”记者从滨湖区疾控中心了解到，该名痊愈患者还将继续在隔离点观察至14天。在此期间，疾控中心将会继续做好心理辅导、营养补充等方面的工作。（来源：江苏广电无锡中心站赵夏楠刘康亮 通讯员卞冰瑶编辑俞思琼）
2020年02月21日,内蒙古21日通报：无新增新冠肺炎确诊病例 新增出院5例_荔枝网新闻,荔枝新闻,trog荔枝新闻讯trog 2020年2月20日8时至21日7时，内蒙古自治区报告无新增新冠肺炎确诊病例，无新增疑似病例，新增出院病例5例，排除疑似病例1例，1例危重病例转为重症病例，1例重症病例转为普通病例。新增出院病例5例为鄂尔多斯市达拉特旗2例，包头市东河区1例，呼和浩特市玉泉区1例，呼伦贝尔市的牙克石市1例；排除1例疑似病例为包头市土右旗1例；巴彦淖尔市临河区1例重症病例转为普通病例，锡林郭勒盟锡林浩特市1例危重病例转为重症病例。截至2月21日7时，内蒙古自治区累计报告新冠肺炎确诊病例75例,现存确诊病例59例，出院病例16例，重症病例2例，危重病例5例。其中，现存确诊病例59例为：1.包头市9例（土默特右旗7例、昆都仑区2例）2.巴彦淖尔市8例（五原县2例、临河区2例、乌拉特中旗4例）3.锡林郭勒盟8例（锡林浩特市4例、多伦县4例）4.通辽市7例（霍林郭勒市6例、经济开发区1例）5.鄂尔多斯市达拉特旗6例6.赤峰市6例（元宝山区1例、松山区1例、红山区1例、翁牛特旗3例）7.呼和浩特市5例(玉泉区2例、新城区1例、赛罕区1例、回民区1例)8.呼伦贝尔市5例（莫力达瓦旗5例）9.乌海市海勃湾区2例10.乌兰察布市2例（化德县2例）11.兴安盟乌兰浩特市1例出院病例16例为：1.鄂尔多斯市5例（东胜区1例、鄂托克前旗1例、达拉特旗3例）2.赤峰市3例（松山区1例、元宝山区1例、林西县1例）3.包头市2例（昆都仑区1例、东河区1例）4.呼和浩特市2例（新城区1例、玉泉区1例）5.呼伦贝尔市2例（满洲里市1例、牙克石市1例）6.乌兰察布市四子王旗1例7.锡林郭勒盟二连浩特市1例重症病例2例（锡林郭勒盟锡林浩特市2例）；危重病例5例（包头市昆都仑区1例、土右旗1例，锡林郭勒盟锡林浩特市1例，巴彦淖尔市临河区1例，呼伦贝尔市莫力达瓦旗1例）。疑似病例16例（呼伦贝尔市莫力达瓦旗5例、海拉尔区1例，包头市土默特右旗1例、东河区1例，锡林郭勒盟多伦县2例，呼和浩特市赛罕区2例、回民区1例，通辽市的霍林郭勒市1例、库伦旗2例）。均在定点医院接受隔离治疗。目前，尚在接受医学观察的密切接触者740人。当日解除医学观察48人。
2020年02月21日,两手抓两手硬丨淮安强化金融服务保障，“力挺”企业平稳健康发展_荔枝网新闻,荔枝新闻,trog荔枝新闻讯trog 20日，淮安市地方金融监管局会同该市人行、银保监局制定出台了《关于强化金融服务保障支持做好新型冠状病毒感染肺炎疫情防控工作的通知》，明确了十项金融服务保障举措，为支持各类企业平稳健康发展提供了有力保障。通知明确提出：要畅通基础金融服务，加大疫情防控领域信贷支持，运用货币政策工具提供流动性支持，科学做好受困企业资金接续工作，建立金融服务绿色通道，降低中小微企业融资成本，发挥保险保障功能，发挥政府性融资担保机构作用，搭建银企合作对接平台，加强对政策落地的跟踪督促。截至上周末，淮安已复工的规模以上企业超过240家，复工人数超4.7万人。针对企业复产复工面临的困难和问题，淮安市实行驻厂员派驻制、“一对一”帮扶，积极加强要素保障，如为中兴医药成功争取江苏银行600万元信贷指标，为承开中药跨省协调中药材调拨、转运等问题。此前，针对众多中小微企业，淮安市专门研究出台了《应对疫情支持中小微企业健康平稳发展意见》，从金融支持、减轻税费、稳岗就业、企业扶持四个方面入手，“真金白银”帮助企业渡过难关、健康发展。“疫情期间复工迟、复工难，给不少企业都带了影响，特别是成本支出并没有减少，主要有人员工资、房租和各类资金成本。”淮安市安达汽车驾驶员培训有限公司总经理孙石对记者说，人员密集型企业和各种实体商家受疫情的影响尤其大，让他觉得特别暖心的是，此次的通知中专门提到了“各银行业金融机构要对受疫情影响较大的从事住宿餐饮、文化旅游、商贸服务、交通运输、休闲农业等服务性行业及其他暂遇困难的中小企业，特别是小微企业，不得盲目抽贷、断贷、压贷，对到期还款困难的企业，予以展期或续贷，确保2020年全市普惠型小微企业贷款增速高于平均贷款增速。”“具体实在，有操作性，有利于促进中小微企业发展，有利于促进疫情防控，有利于改善民生，有利于社会稳定!”孙石竖起大拇指说。（来源：江苏广电淮安中心站朱延庆 淮安台 通讯员黄洁编辑俞思琼）
2020年02月21日,广西21日通报：新增1例新冠肺炎确诊病例 新增出院8例_荔枝网新闻,荔枝新闻,trog荔枝新闻讯trog 2月20日0—24时，广西新增新型冠状病毒肺炎确诊病例1例（河池市1例）；新增疑似病例15例；新增治愈出院病例8例（南宁市1例、柳州市1例、钦州市5例、贺州市1例）；无新增死亡病例。目前广西全区累计报告确诊病例246例，累计出院病例95例，累计死亡病例2例（河池市1例、北海市1例），现有确诊病例149例，均在院治疗，其中重症病例3例（南宁市1例、桂林市1例、河池市1例），危重病例8例（南宁市1例、桂林市1例、北海市1例、防城港市4例、河池市1例）。现有疑似病例67例。累计确诊病例中，南宁市54例、柳州市24例、桂林市31例、梧州市5例、北海市44例、防城港市19例、钦州市8例、贵港市8例、玉林市11例、百色市3例、贺州市4例、河池市24例、来宾市11例。本日追踪到密切接触者255人，现有1530人正在接受医学观察。
2020年02月21日,吉林21日通报：无新增新冠肺炎确诊病例 累计确诊91例_荔枝网新闻,荔枝新闻,    trog荔枝新闻讯 trog2月20日0—24时，吉林省无新增确诊病例。新增治愈出院4例（长春市2例，吉林市1例，四平市1例）。截至2月20日24时，吉林省累计报告确诊病例91例，累计治愈出院44例（长春市21例，四平市8例，吉林市4例，延边州4例，松原市2例，公主岭市2例，通化市1例，辽源市1例，梅河口市1例），死亡1例（四平市），现在院隔离治疗确诊病例46例。其中长春市24例，四平市6例，辽源市6例，公主岭市4例，通化市3例，吉林市1例，延边州1例，白城市1例。在院治疗确诊病例中，40例为普通型病例，2例为重型病例（长春市2例），4例为危重型病例（长春市1例，白城市1例，公主岭市1例，通化市1例重型转为危重型）。上述确诊病例的密切接触者3924人，已解除医学观察3599人，正在指定地点隔离或居家隔离医学观察325人。累计在密切接触者中主动开展核酸检测筛查出确诊患者13例。2月20日0—24时，吉林省原有31例疑似病例中，排除17例；新增疑似病例4例；现有疑似病例18例，已全部隔离治疗，目前正在进一步明确诊断。
2020年02月21日,哀悼！武汉抗疫一线医生彭银华感染新冠肺炎去世_荔枝网新闻,荔枝新闻,trog荔枝新闻讯trog据协和江南医院官方微信消息，2月20日晚，武汉市江夏区第一人民医院协和江南医院发布公告称，该院呼吸与危重症医学科医生彭银华，在抗击疫情一线不幸感染新冠肺炎，于1月25日入住江夏区第一人民医院，医院随即全力救治；1月30日病情加重，医院紧急将其送往武汉市金银潭医院治疗。因病情恶化，经抢救无效，于2月20日21时50分在武汉市金银潭医院去世。江夏区第一人民医院对彭银华医生的不幸去世表示沉痛哀悼，向其家属表示诚挚慰问。
2020年02月21日,黑龙江21日通报：新增3例新冠肺炎确诊病例 新增治愈出院病例18例_荔枝网新闻,荔枝新闻,trog荔枝新闻讯trog 2月20日0-24时,黑龙江省报告新型冠状病毒肺炎新增确诊病例3例。新增治愈出院病例18例。新增疑似病例1例。截至2月20日24时,黑龙江省报告新型冠状病毒肺炎确诊病例479例，其中：哈尔滨市197例、双鸭山市52例、绥化市47例、鸡西市46例、齐齐哈尔市43例、大庆市26例、七台河市17例、佳木斯市15例、黑河市14例、牡丹江市14例、鹤岗市5例、大兴安岭地区2例、伊春市1例；现有重症病例70例。死亡病例12例，分别为绥化市确诊病例4例、大庆市确诊病例1例、双鸭山市确诊病例3例、齐齐哈尔市确诊病例1例、哈尔滨市确诊病例3例。治愈出院病例141例，分别为省传染病防治院12例、哈尔滨市传染病医院43例、双鸭山市人民医院11例、佳木斯市传染病医院14例、绥化市第一医院20例、牡丹江市第二人民医院1例、鹤岗市传染病医院2例、鸡西市传染病医院1例、鸡西市中医医院2例、齐齐哈尔市第七医院12例、齐齐哈尔市第一医院4例、大庆市第二医院8例、七台河市人民医院6例、大兴安岭地区2例、黑河市嫩江市人民医院3例。现有疑似病例1例。全省当日发热门诊诊疗人数2333人。目前追踪到密切接触者15790人,已解除医学观察12953人，尚有2709人正在接受医学观察。
2020年02月21日,河北新增1例新冠肺炎确诊病例 累计确诊308例_荔枝网新闻,荔枝新闻,trog荔枝新闻讯trog 据河北省卫生健康委员会网站消息，2020年2月20日0—24时，河北省报告新型冠状病毒肺炎新增确诊病例1例(唐山市)。新增治愈出院病例18例，其中，沧州市4例、邯郸市4例、唐山市3例、邢台市3例、石家庄市1例、承德市1例、秦皇岛市1例、廊坊市1例。无新增死亡病例。无新增疑似病例。截至2月20日24时，河北省累计报告确诊病例308例，其中在院治疗133例，现有重症病例15例，累计治愈出院170例，死亡5例。确诊病例中，唐山市57例、沧州市48例、张家口市34例、保定市32例、邯郸市31例、廊坊市30例、石家庄市28例、邢台市23例、秦皇岛市10例、衡水市8例、承德市7例；死亡病例中，沧州市3例、唐山市1例、邢台市1例；重症病例中，石家庄市3例、唐山市3例、沧州市3例、秦皇岛市2例、廊坊市1例、保定市1例、邢台市1例、邯郸市1例；出院病例中，保定市27例、张家口市24例、沧州市22例、廊坊市21例、邯郸市17例、唐山市16例、石家庄市14例、邢台市13例、衡水市6例、承德市5例、秦皇岛市5例。现有疑似病例0例。目前累计追踪到密切接触者10524人，当日解除隔离医学观察421人，现有1117人正在接受隔离医学观察。
2020年02月21日,韩国一天内确诊人数翻倍，似现“超级传播者” 首现死亡病例_荔枝网新闻,新华网,韩国中央防疫对策本部20日表示，截至当地时间下午5时，韩国境内新增53例新型冠状病毒肺炎确诊病例，累计确诊104例，死亡1例。20日上午新增的31例病例中，30例来自庆尚北道和大邱市，1例来自首尔。在大邱和庆北地区出现的30例中有23人与第31例（61岁女性）患者在其常去的教会有过接触。下午确诊的22例中有21例来自大邱市和庆尚北道，其中与第31例确诊患者有关的病例有5例。截至目前，该教会累计出现43例确诊病例，韩国防疫部门认为这是集聚性感染。值得关注的是，韩国确诊病例中至少有42例与被认为是“超级传播者”的第31例患者有关。此外，20日韩国境内出现首个死亡病例，为死后确诊。该患者是一名63岁韩国男性，在位于庆尚北道的清道郡医院住院20多天后，于19日凌晨病逝。卫生部门在患者死后对其进行病毒检测，结果呈阳性。据韩联社报道，包括死亡病例在内，清道郡医院已有13人确诊。据了解，第31例患者于本月初到过该医院。目前，韩国中央防疫对策本部正在对该医院所有患者和医护人员进行行动轨迹调查，确认是否与第31例患者有关。截至目前，韩国累计16人治愈出院，87人在接受隔离治疗。
2020年02月21日,2月20日12—24时，上海无新增新冠肺炎确诊病例_荔枝网新闻,荔枝新闻,trog荔枝新闻讯trog 2020年2月20日12—24时，上海市排除新型冠状病毒肺炎疑似病例31例；无新增确诊病例。截至2月20日24时，上海市已累计排除疑似病例2010例，发现确诊病例334例。确诊病例中，男性173例，女性161例；年龄最大88岁，最小7月龄；144例有湖北居住或旅行史，33例有湖北以外地区居住或旅行史，157例有相关病例接触史；外地来沪人员110例，本市常住人口224例。具体情况如下图。目前，118例病情平稳，12例病情危重，3例重症，199例治愈出院，2例死亡。尚有107例疑似病例正在排查中。
2020年02月21日,重庆21日通报：新增7例新冠肺炎确诊病例 新增治愈出院25例_荔枝网新闻,荔枝新闻,trog荔枝新闻讯 trog2020年2月20日0—24时，重庆市报告新冠肺炎新增确诊病例7例，新增死亡病例1例，新增治愈出院病例25例。新增确诊病例中，万州区2例、涪陵区2例、渝北区1例、铜梁区1例、石柱县1例；新增死亡病例为万州区1例；新增治愈出院病例中，万州区10例、长寿区1例、潼南区1例、开州区1例、丰都县1例、忠县5例、云阳县2例、奉节县1例、石柱县2例、高新区1例。截至2月20日24时，重庆市现有在院确诊病例262例（其中重型病例29例、危重型病例12例），累计死亡病例6例，累计治愈出院病例299例，累计报告确诊病例567例。累计追踪到密切接触者22817人，已解除医学观察20831人，尚有1986人正在接受医学观察。专家认为，2月17日至19日，新增确诊病例全部来自密切接触者，未见社区感染病例，表明密切接触者集中隔离医学观察、“四类人群”核酸检测全覆盖等措施，对尽早识别传染源、切断社区传播途径效果明显。但是，随着复工复产带来的人员流动增加、人群聚集风险加大，“外防输入、内防扩散”的压力仍未减轻，必须严格落实分区分级分类防控措施。重庆市卫生健康委提示：复工之后，售货员、地铁的工作者、媒体人员等日常接触人员比较多的特殊人群，感染风险要比普通人群更大，必须高度重视个人防护工作，在岗期间要规范佩戴口罩，口罩在变形、弄湿、弄脏之后会导致防护性能下降，要及时更换。同时要注意手卫生，平常用洗手液和流水洗手，每天至少两次测量体温。如果出现发热、咳嗽、呼吸困难、腹泻、呕吐、肌肉酸痛等症状，应立即停止工作，及时就医。
2020年02月21日,2月21日最新通报：20日湖北新增411例新冠肺炎确诊病例 累计确诊62442例_荔枝网新闻,荔枝新闻,trog荔枝新闻讯trog 据湖北省卫健委官网消息，2020年2月20日0—24时，全省新增新冠肺炎确诊病例411例，其中：武汉市319例、黄石市7例、十堰市13例、襄阳市3例、宜昌市4例、荆州市7例、荆门市6例、鄂州市5例、孝感市17例、黄冈市17例、随州市4例、恩施州1例、仙桃市1例、天门市4例、潜江市3例，咸宁市和神农架林区0例。全省新增病亡115例，其中：武汉市99例、黄石市1例、襄阳市1例、宜昌市1例、荆门市3例、鄂州市1例、孝感市5例、黄冈市3例、随州市1例，十堰市、荆州市、咸宁市、恩施州、仙桃市、天门市、潜江市和神农架林区0例。全省新增出院1451例，其中：武汉市766例、黄石市40例、十堰市22例、襄阳市49例、宜昌市19例、荆州市80例、荆门市28例、鄂州市25例、孝感市98例、黄冈市125例、咸宁市45例、随州市78例、恩施州10例、仙桃市26例、天门市32例、潜江市8例，神农架林区0例。截至2020年2月20日24时，湖北省累计报告新冠肺炎确诊病例62442例，其中：武汉市45346例、黄石市974例、十堰市654例、襄阳市1170例、宜昌市895例、荆州市1517例、荆门市800例、鄂州市1343例、孝感市3346例、黄冈市2856例、咸宁市766例、随州市1287例、恩施州245例、仙桃市568例、天门市477例、潜江市188例、神农架林区10例。全省累计治愈出院11788例。其中：武汉市6214例、黄石市339例、十堰市209例、襄阳市343例、宜昌市250例、荆州市531例、荆门市229例、鄂州市375例、孝感市771例、黄冈市1274例、咸宁市313例、随州市386例、恩施州112例、仙桃市210例、天门市165例、潜江市57例、神农架林区10例。全省累计病亡2144例，其中：武汉市1684例、黄石市27例、十堰市2例、襄阳市24例、宜昌市28例、荆州市40例、荆门市37例、鄂州市39例、孝感市94例、黄冈市90例、咸宁市10例、随州市28例、恩施州3例、仙桃市19例、天门市12例、潜江市7例、神农架林区0例。目前仍在院治疗42056例，其中：重症8979例、危重症2018例，均在定点医疗机构接受隔离治疗。现有疑似病例4084人，当日新增1269人，当日排除610人，集中隔离3906人。累计追踪密切接触者225696人，尚在接受医学观察63126人。
2020年02月21日,围绕“零号病人”的“终极三问”：这场追寻走向何方？_荔枝网新闻,中国新闻网,围绕新冠肺炎疫情“零号病人”众说纷纭，中新社记者采访相关专家回答“终极三问”：是谁？从哪里来？要去哪里？trog“零号病人”是谁？trog首先要厘清什么是“零号病人”。浙江大学生命科学研究院教授王立铭说，对应的学术用语是“原发病例”，通俗理解为在这位患者身上“某种病毒首次从动物进入了人体”。以这次为例，研究表明蝙蝠最有可能是新冠病毒的天然宿主，最新发现是穿山甲比蝙蝠身上的冠状病毒更接近人类感染的新冠病毒。无论是哪种哺乳动物，接触了它并由此感染新冠病毒的人即“零号病人”。这里还涉及“指示病例”概念，即传染性疾病暴发时被公卫机构所确定发现的首位病人。大多数情况下“原发病例”早于“指示病例”出现。比如，严重急性呼吸综合征(SARS)疫情的指示病例是广东厨师黄某，但经追踪发现，黄某出现病症以前已有其他SARS病例。“零号病人”一词来源有些“乌龙”。20世纪80年代，美国科学家研究艾滋病流行病学规律时，将把疾病带入美国的“原发病例”盖尔坦·杜加用英文字母“O”进行编号，结果被误读为阿拉伯数字“0”。“零号病人”说法不胫而走。需指出的是，艾滋病、埃博拉、SARS等疫情从未明确找到严格意义上的“零号病人”。2016年有研究者从20世纪70年代的血液样本中分离出HIV病毒，而公认的世界首次对艾滋病病例正式记载是在1981年；几内亚一名2岁男童曾被视为埃博拉疫情的首个病例，但研究者直言是因为“调查在这里停下”。trog去哪寻找“零号病人”？trog“寻找‘原发病例’是一件特别困难的事情。”王立铭说，最好在疫情暴发极早期、患者人数极少时完成。他坦言，找到新冠肺炎疫情“零号病人”的可能性不大，但仍要去找，溯源工作至少有三个层面：第一，研究病毒如何从动物进入人体；第二，研究病毒在人类世界的进化史；第三，研究病毒的传播规律。追寻“零号病人”需要厘清两个关键信息：何时、何地。在中国疾病预防控制中心最新发布的新冠肺炎流行病学特征分析报告中，报告病例起始日期是2019年12月8日。这也是武汉市卫生健康委员会此前通报新冠肺炎病例发病的最早日期。但据武汉市金银潭医院副院长黄朝林等人刊发在权威医疗期刊《柳叶刀》文章显示，第一例患者发病时间为2019年12月1日。另据该院重症监护室主任吴文娟介绍，这是一位年过七旬的男子，他没有去过武汉华南海鲜市场的记录。有学者说，考虑到潜伏期因素，该患者应在2019年11月被病毒感染。对于溯源地点，包括军事科学院军事医学研究院微生物流行病研究所研究员曹务春、中华微生物学会副理事长邵一鸣等在内的多位专家都提到“重返华南海鲜市场”。他们认为，虽然市场为防疫已进行消毒，但仍可以追踪动物是如何被运来的。黄朝林等专家则认为，从发病情况来看华南海鲜市场不是唯一的暴露源。“如果在华南海鲜市场出现的是‘人传人’而不是‘动物传人’，很值得追踪‘零号病人’。因为由此可以追到病毒究竟从何而来。”中山大学附属三院感染科副主任林炳亮对中新社记者说。trog这场追寻走向何方？trog诚然，当下有许多比寻找“零号病人”更为紧迫的工作，但这并不意味着不可追寻。中国疾控中心已陆续派出160名病毒溯源、流行病学调查、实验室检测等领域的专家赴湖北。“科研、疾控、临床、动物保护等部门要联合起来。”曹务春此前受访时说，找到病毒源头可以打消疑惑，也可对未来突发传染病疫情防控积累经验。王立铭注意到，新冠肺炎疫情发展提供了多样化研究场景，比如在新加坡、日本等地，因为患者以输入性为主，基本上可以找到二代病例与输入性患者的交集，特别适合研究病毒从一位或几位“零号病人”到大规模流行的传播规律。而在疫情最为严重的武汉，如果尽可能采集患者体内病毒基因组样本，比较它们的序列差异，“将帮助我们更好理解病毒进入人类世界以后的进化史”。专家提醒，在追寻“零号病人”的过程中需要警惕随时可能出现的“污名化”“阴谋论”。以史为鉴，无论是被妖魔化为“艾滋哥伦布”的盖尔坦·杜加，还是被迫隐姓埋名的黄某，他们因“身份”遭受的痛苦不亚于病毒本身。中国科学院武汉病毒研究所近日郑重声明，2015年从该所毕业的黄姓同学不是所谓的“零号病人”。该所19日又发出一封公开信，再度声明“某研究生是‘零号病人’”“新冠病毒源于人工合成”等是谣言，“对坚守科研一线的我所科研人员造成极大的伤害”。好在越来越多的有识之士意识到由虚假讯息造成的“信息疫情”极具危害。继世界卫生组织计划对“信息疫情”开展研究之后，来自英、德、美、澳等国的27名病毒学家在《柳叶刀》联合发声，他们反对阴谋论，支持奋战在疫情一线的中国科研工作者。或许，谣言如同“病毒”，我们也需提防出现“零号病人”。
2020年02月21日,云南21日最新通报：0—12时无新增新冠肺炎确诊病例 新增治愈出院17例_荔枝网新闻,荔枝新闻,trog荔枝新闻讯trog 据云南卫健委消息，2月21日0时至12时，云南省无新增确诊病例，新增治愈出院病例17例（昆明市8例，曲靖市2例，楚雄州2例，昭通市、保山市、红河州、普洱市、文山州各1例）。截至2月21日12时，云南省累计确诊病例174例，治愈出院96例，死亡2例，现有确诊病例76例，其中危重症1例，重症3例。现有疑似病例52例。各州市累计确诊病例：昆明市53例（治愈出院32例），昭通市25例（治愈出院6例），西双版纳州15例（治愈出院4例、死亡1例），玉溪市14例（治愈出院9例、死亡1例），曲靖市13例（治愈出院8例），大理州13例（治愈出院10例），保山市9例（治愈出院4例），红河州9例（治愈出院4例），丽江市7例（治愈出院7例），德宏州5例（治愈出院2例），楚雄州4例（治愈出院4例），普洱市4例（治愈出院4例），文山州2例（治愈出院1例），临沧市1例（治愈出院1例）。
2020年02月21日,香港新冠肺炎累计确诊病例增至68例 疑似病例1例_荔枝网新闻,新华网,香港特区政府卫生署20日表示，截至当晚8时，香港新增3例新冠肺炎确诊病例和1例疑似病例，香港累计确诊病例增至68例，疑似病例1例。香港第66例病例为一例疑似病例，为一名75岁男子，他是第63例确诊病例的丈夫。特区政府卫生署卫生防护中心传染病处主任张竹君表示，虽然其呼吸道样本化验结果呈阴性，但胸腔电脑扫描显示其肺部出现毛玻璃结节，不排除是肺炎，加上有流行病学关联，因此暂时列作疑似病例，但被当作确诊病例处理。这名男子在潜伏期内曾多次前往广东省东莞市樟木头镇与朋友会面。据了解，他内地的朋友没有病症，卫生防护中心将把这一病例通报广东省政府。第67例病例为确诊病例，是一名38岁女子，在一间粥面店任收银员。她过去健康状况良好，于2月10日开始发烧和咳嗽，14日曾求医，19日入住基督教联合医院，20日被确诊患新冠肺炎。患者在潜伏期内没有外游，现在情况稳定。卫生防护中心正向其任职的店铺跟进其他员工情况。第68例病例为确诊病例，是一名58岁男性出租车司机。他过往健康良好，8日起开始发烧和咳嗽，18日到北区医院求医，19日因昏厥而入住该院接受治疗，现在情况稳定。患者潜伏期内没有外游，其同住的妻儿没有出现病症，将被安排接受隔离检疫。卫生防护中心正在跟踪这名患者曾经接载过的出租车乘客。香港第69例病例为确诊病例，是一名48岁的警务人员。该患者有慢性疾病，自18日起出现发烧和咳嗽，19日到观塘社区健康中心求诊，20日被安排住院接受隔离治疗，现在情况稳定。患者在潜伏期内没有外游，其居家接触者包括妻子及岳母，均已出现病症，将被送院接受隔离治疗。
2020年02月21日,云南新增新冠肺炎确诊病例1例 死亡病例1例_荔枝网新闻,荔枝新闻,trog荔枝新闻讯trog 2月20日12时至24时，新增确诊病例1例（红河州），新增死亡病例1例（西双版纳州）。截至2月20日24时，全省累计确诊病例174例，治愈出院79例，死亡2例，现有确诊病例93例，其中危重症1例，重症6例。现有疑似病例58例。密切接触者当日解除医学观察227人，正在观察1476人。各州市累计确诊病例：昆明市53例（治愈出院24例），昭通市25例（治愈出院5例），西双版纳州15例（治愈出院4例、死亡1例），玉溪市14例（治愈出院9例、死亡1例），曲靖市13例（治愈出院6例），大理州13例（治愈出院10例），保山市9例（治愈出院3例），红河州9例（治愈出院3例），丽江市7例（治愈出院7例），德宏州5例（治愈出院2例），楚雄州4例（治愈出院2例），普洱市4例（治愈出院3例），文山州2例（治愈出院0例），临沧市1例（治愈出院1例）。trog新增确诊患者情况：trog第174例：48岁男性，湖北黄岗人，常住蒙自经商，1月14日自驾车从蒙自回湖北黄岗过年，25日从黄岗自驾车返回蒙自，26日到达后经排查居家隔离观察。2月16日因发热及其他病症就诊后，由红河医疗机构收治入院隔离治疗。
2020年02月21日,山西21日最新通报：新增1例新冠肺炎确诊病例 新增治愈出院8例_荔枝网新闻,荔枝新闻,trog荔枝新闻讯trog 2020年2月20日0时至24时，山西省报告新增新型冠状病毒肺炎确诊病例1例，累计确诊病例132例。新增治愈出院8例，累计治愈出院76例。现有在院隔离治疗56例，其中重症2例，危重症1例。新增疑似病例5例，现有疑似病例11例。目前累计追踪到密切接触者4048人，当日解除医学观察30人，共有314人正在接受医学观察。
2020年02月21日,美国首例新冠肺炎患者完全康复并解除隔离_荔枝网新闻,央视新闻,美国华盛顿州卫生官员宣布：美国首例新冠肺炎患者，现已完全康复，解除隔离。这位患者年龄为35岁，他接受治疗的斯诺霍米什县卫生区（SohomihHelthDitrict）在一份声明中说，该患者已于两个多星期前出院，自我隔离直到当地时间2月19日。他从中国返回美后，于1月20日前往医院接受治疗。美国全国范围内，已确诊15例新冠病毒感染者（“钻石公主”号邮轮上被撤回的美国游客尚未统计在内）。
2020年02月21日,世卫组织：国际专家组正在中国开展实地工作_荔枝网新闻, 央视新闻,当地时间20日，世卫组织召开新闻发布会，介绍新冠肺炎疫情相关情况。会上，世卫组织总干事谭德塞表示，国际专家组正在中国开展实地工作，与中国同行共同研究病毒的传染性以及中国所采取的措施的作用。国际专家组汇聚了来自日本、韩国、新加坡、俄罗斯、美国等国的顶尖专家，研究方向包括流行病学、病毒学、临床管理、疫情控制和公共卫生领域。世卫组织总干事谭德塞再次强调，由于中国积极努力从源头控制疫情，为世界赢得了时间，并敦促各国利用中国创造的窗口期机会，阻止病毒进一步传播。谭德塞同时呼吁，不要对疫情妄加推测或传播谣言，一切应以事实为依据。（总台记者朱赫）trog附：此前公布的专家组成员来源机构trog
2020年02月21日,世卫组织称两项重点疗法料三周内得出初步临床试验结果_荔枝网新闻,中国新闻网,中新社布鲁塞尔2月20日电日内瓦消息：世卫组织总干事谭德塞20日通报，目前抗击新冠病毒的两项重点疗法料在三周内得出初步临床试验结果。他还确认，正在中国进行考察的世卫组织专家组包括美方专家。谭德塞当日在世卫组织日内瓦总部举行的例行记者会上表示，世卫组织研发蓝图将抗艾滋病药物洛匹那韦利托那韦(LoivirRitovir，中文商品名“克力芝”)和抗病毒药物瑞德西韦(Remdeivir，又译伦地西韦)列为抗击新冠病毒的重点疗法，期待这两项疗法的临床试验结果，“我们预计三周内会有初步结果”。公开报道显示，目前洛匹那韦利托那韦和瑞德西韦均在武汉进行临床研究。例如2月初瑞德西韦临床试验在武汉市金银潭医院等启动，以评价这一还未上市的新药对新冠肺炎的疗效和安全性。谭德塞同时表示，世卫组织专家组正在中国实地开展工作，将携手中方专家找到一些问题的答案，如新冠肺炎的严重程度、新冠病毒的传染性、中国疫情防控措施发挥的作用等。他介绍，该专家组汇集全球9个机构的流行病学、病毒学、临床管理、疫情控制和公共卫生专家，具体为美国疾病预防控制中心、美国国家卫生研究院、俄罗斯国家肺结核和传染病医学研究中心、俄罗斯圣彼得堡巴斯德研究所、德国罗伯特·科赫研究所、日本国立传染病研究所、韩国首尔国立大学医学院、新加坡国立大学和尼日利亚疾病控制中心。据中国国家卫生健康委员会此前通报，世卫组织专家于上周末陆续抵京，先与国务院相关部门进行深入交流，之后对省市进行考察，了解城乡防控措施的实施情况及效果，访问相关流行病学、医疗救治、实验室检测、科学研究等机构，对中国和全球疫情防控提出建议。卫健委新闻发言人20日表示，18日至19日，世卫组织专家分别在四川和广东考察新冠肺炎疫情防控工作，与当地卫生行政部门座谈，并赴有关疾控、医疗机构等进行了现场考察。(完)
2020年02月21日,钻石公主号新确诊2名新冠患者 为智利籍及以色列籍_荔枝网新闻,央视新闻,（原标题：“钻石公主”号邮轮新确诊两名新冠肺炎患者分别为智利籍与以色列籍）当地时间2月20日，“钻石公主”号邮轮新确诊两名新冠肺炎患者，分别为智利籍与以色列籍。最新消息说，这名以色列染病乘客已被带到日本一家医院接受治疗。截至目前，“钻石公主”号邮轮上确诊的以色列籍感染者已达4名。“钻石公主”号邮轮上共有15名以色列乘客，除了4名确诊染病的乘客外，其余11人已下船，并定于当地时间20日晚（北京时间21日凌晨）返回以色列。以色列有关部门已在舍巴医疗中心建立了一个特别隔离室，将对这11人隔离观察14天。截至记者发稿时，以色列本土还没有发现新冠肺炎病例。另据智利多家媒体报道，智利外交部确认在“钻石公主”号邮轮上有一位智利籍机组人员确诊为新冠肺炎患者，目前该智利籍女士在日本治疗情况良好，暂无计划返回智利。据报道称，智利政府数日前已获知此事，应患者家属要求未予以公开，但由于“钻石公主号”邮轮上其他两名智利乘客完成隔离期后将于本周五（21日）返回智利，首例智利籍新冠肺炎确诊患者的消息才正式公布。
2020年02月21日,六机构分离出病毒毒株 离新冠肺炎疫苗又近一步_荔枝网新闻,科技日报,trog六机构分离出病毒毒株我们离新冠肺炎疫苗又近一步trog病毒毒株为疫苗研制、抗病毒药物的筛选以及快速检测试剂的研发等奠定了基础。近日，安徽省疾病预防控制中心应用宏转录组基因测序新冠肺炎病例样本，顺利分离到2株新冠病毒毒株。这是继广东、上海、浙江、北京、湖北之后，第六家分离出新冠病毒毒株的省级疾控中心。这无疑又是一个好消息。但很多普通民众也许不明就里，病毒毒株具体是如何分离的，为什么多地疾控部门都要做此项工作，分离出病毒毒株又意味着什么呢？trog分离毒株有三条途径trogtrog什么是病毒毒株？trog“简单说，毒株就是从含有病毒的样本中分离，然后在实验室条件下培养出来的病毒。”20日，南方医科大学三级生物安全实验室主任赵卫教授在接受科技日报记者采访时说。赵卫介绍，以新型冠状病毒为例，样本一般是从新冠肺炎病人肺泡灌洗液或痰液等样本中提取的，因为其主要侵害人体的呼吸器官，致使下呼吸道和肺泡中病毒含量比较高，所以样本来源优先选取这些部位。这些样本成分非常复杂，除了含有新型冠状病毒，还有很多其他的微生物。要研究新冠病毒的生物学特性，就需排除其他杂质和微生物的污染，对其进行分离、纯化，以保证其是新冠病毒的纯的培养物。谈及病毒毒株具体是如何分离的，赵卫表示，一般来讲，分离病毒毒株有组织细胞培养法、动物接种和鸡胚接种三种方式。动物接种方式是指把病毒接种到动物体内，如小鼠脑内，可根据动物细胞的敏感性选择不同的接种部位，但小鼠是活的动物，会抓伤、咬伤操作者；而鸡胚接种可以培养的病毒种类相对较少。所以这两种方式一般不是最优和首要之选。“组织细胞培养法就是把含有病毒的样本材料接种到不同的细胞中，如肌肉、肝脏、肺的细胞等，不同病毒的细胞嗜性不同，即病毒对不同细胞的感染能力和效率有很大的差异，比如新冠病毒主要感染和破坏肺细胞，这有助于研究病毒的致病机理。”赵卫说，这一方法可以采用包括人体细胞在内的多种细胞，简便易行，安全性相对较高，是目前最常用的病毒分离培养方法。trog分离难度与病毒特性有关trog“病毒毒株是不是好分离，与病毒本身的特性有关。从报道看，新冠病毒的毒株分离应该不是很困难，比较容易在多种细胞中培养，而且收获病毒的滴度很高。”赵卫说，以其参与过的SARS冠状病毒毒株分离为例，由于SARS冠状病毒对多种细胞敏感，把病毒样本接种到细胞之后，病毒在细胞里能很快生长，可迅速获得大量的病毒颗粒。确实，成功分离出新型冠状病毒毒株的浙江省疾控中心微生物检验所所长张严峻介绍，他们从病人痰液标本里面，把新型冠状病毒毒株处理了以后，接种到相应的细胞里，让这个病毒在细胞里能够生长。两天后，实验人员对培养物进行鉴定，病毒已经在细胞里增殖，说明这个病毒培养分离已经成功了。“一个有资质的、高洁净度、无污染的实验室和保证安全的标准操作程序是整个分离培养流程的关键点。”赵卫表示，在病毒毒株分离过程中要保证绝对的无菌环境操作，排除各种杂菌和其他微生物的污染。赵卫强调，不是随便一个实验室都具有分离培养新型冠状病毒的资质，要有这个资质，至少要有三级生物安全实验室，而且实验室人员资质、工作流程、污染物的处理都要通过严格的审核，同时对于每一种高致病性病毒分离培养活动，都要专门向国家卫生健康委员会提出申请，经过审核批准后才能开展特定的分离和培养活动。而且实验活动结束后，按照国家规定，要对实验材料进行封闭、上交等，以防泄露。“一般来讲，只有当传染病患者有一些特别之处，比如有些人症状特别重，才需要把其体内病毒分离出来与其他病毒株做比较，以了解导致重症的原因，否则就没有必要分离那么多病毒株。”赵卫说，这是因为包括新冠病毒在内的高致病性病原微生物对实验室人员威胁大，在工作中一旦发生泄露，危害很大，需要尽可能减少非必要的操作。至于不同地方都在做这项工作的原因，赵卫解释，病毒毒株生物学特性除了和时间有关，也就是说病毒在不同传播时期可能会发生变异外，病毒流行还有一定的地域性。过去人员流动不是那么频繁，不同地区的病毒在基因特征上往往有地域烙印，现在人员交流多，地域特征不是那么明显了，但不同地区病毒株的生物学特征依然是一个重要的研究方向。trog毒株有助疫苗和药品研发trog“分离出病毒毒株，意味着我们已经拥有了疫苗的种子株。用其制作疫苗株并通过检测后，就可以制备疫苗。”中国工程院院士、国家卫健委高级别专家组成员李兰娟说，病毒毒株为疫苗研制、抗病毒药物的筛选以及快速检测试剂的研发等奠定了基础。确实，张严峻表示，分离得到病毒毒株对疫情的预防、控制以及病人的治疗都有重大意义。第一，有了病毒毒株以后，首先可以研制疫苗，如果疫苗研制成功，相当于彻底降服了这个恶魔；第二，可以做一些药物的研发，对病人进行治疗，作为新的病毒，该病现在还没有特效药；而就目前短期意义来说，有了病毒毒株之后，可以研发一些快速诊断的试剂，比如在15分钟到半个小时内出结果，这样对医院的临床诊断和治疗都有极大的帮助，对疫情的控制也有非常大的影响。赵卫表示，分离出病毒毒株，也就是获得了新冠病毒的纯的培养物，可以用于了解病毒的致病机理，如病毒是通过什么样的途径侵入到人体当中，在人体细胞中是怎样繁殖的、不同部位细胞的感染效率差异、产生细胞因子风暴的详细机制和干预手段等。以传统的灭活疫苗为例，赵卫解释，是将新冠病毒大量培养后，进行灭活但尽可能保留抗原性，再纯化制备成疫苗，如果疫苗进入健康人体内，可激发免疫系统产生出针对新冠病毒的免疫力，就可以预防这种疾病了。“但现实中，往往会出现疫苗诱导机体免疫力不够充分，不能起到保护人体的作用，这也是疫苗研发的难点之一。”赵卫说。再就是人们寄予厚望的药物。赵卫介绍，不管是当前引起广泛关注的老药新用，还是新药的研发，一般也要首先做体外实验。即在细胞模型上观察药物对病毒感染细胞的阻断或干扰作用，再在动物模型上进行验证，最后才是临床试验，这一切都要建立在病毒毒株的基础上，所以病毒毒株的获取对病毒病防治研究非常重要。trog相关链接trogtrog研究人员绘制出新冠病毒关键蛋白分子3D结构trog据新华社讯(记者周舟)美国科研团队首次绘制出新型冠状病毒一个关键蛋白分子的3D结构，这种蛋白是开发疫苗、治疗性抗体和药物的关键靶点。研究成果19日在线发表在美国《科学》杂志上。美国得克萨斯大学奥斯汀分校和美国国家卫生研究院的研究人员根据中国研究人员提供的病毒基因组序列，利用冷冻电子显微镜重建了新冠病毒表面的刺突蛋白在原子尺度上的3D构造，分辨率达到0.35纳米。研究发现，新冠病毒的刺突蛋白结构与严重急性呼吸综合征(SARS)冠状病毒的刺突蛋白结构非常相近，都将细胞表面的“血管紧张素转化酶2(ACE2)”作为侵入细胞的关键受体。论文通讯作者、得克萨斯大学奥斯汀分校分子生物科学系副教授贾森·麦克莱伦说，目前尚不清楚为何两者在分子层面上结合得更加紧密，且这种亲和力是否对病毒传播性造成影响还需进一步研究确认。麦克莱伦对新华社记者说，他们已将这一结构的原子坐标数据发送给全球多家实验室，其中多数来自中国，目前已有大约25家中国实验室要求获取相关资料。麦克莱伦说，这一成果可帮助研究人员展开三个方面的工作。第一，展开潜在药物筛查，发现可与这种刺突蛋白结合并破坏其功能的小分子；第二，设计可以与刺突蛋白结合并抑制其功能的新型蛋白分子或抗体；第三，设计出这种刺突蛋白的变体，例如使其拥有更高表达水平或热稳定性，从而诱发更强的免疫反应，以加快疫苗开发。麦克莱伦团队已对几种可与SARS病毒刺突蛋白结合的单克隆抗体进行了筛查，发现它们与新冠病毒没有明显的结合。麦克莱伦解释说，尽管新冠病毒与SARS病毒的刺突蛋白表面的相似性大约为75%，但如果在与抗体结合的区域恰好存在大量氨基酸差异，可与SARS病毒结合的抗体就难以与新冠病毒结合。
2020年02月21日,六机构分离出病毒毒株 离新冠肺炎疫苗又近一步_荔枝网新闻,科技日报,trog六机构分离出病毒毒株我们离新冠肺炎疫苗又近一步trog病毒毒株为疫苗研制、抗病毒药物的筛选以及快速检测试剂的研发等奠定了基础。近日，安徽省疾病预防控制中心应用宏转录组基因测序新冠肺炎病例样本，顺利分离到2株新冠病毒毒株。这是继广东、上海、浙江、北京、湖北之后，第六家分离出新冠病毒毒株的省级疾控中心。这无疑又是一个好消息。但很多普通民众也许不明就里，病毒毒株具体是如何分离的，为什么多地疾控部门都要做此项工作，分离出病毒毒株又意味着什么呢？trog分离毒株有三条途径trogtrog什么是病毒毒株？trog“简单说，毒株就是从含有病毒的样本中分离，然后在实验室条件下培养出来的病毒。”20日，南方医科大学三级生物安全实验室主任赵卫教授在接受科技日报记者采访时说。赵卫介绍，以新型冠状病毒为例，样本一般是从新冠肺炎病人肺泡灌洗液或痰液等样本中提取的，因为其主要侵害人体的呼吸器官，致使下呼吸道和肺泡中病毒含量比较高，所以样本来源优先选取这些部位。这些样本成分非常复杂，除了含有新型冠状病毒，还有很多其他的微生物。要研究新冠病毒的生物学特性，就需排除其他杂质和微生物的污染，对其进行分离、纯化，以保证其是新冠病毒的纯的培养物。谈及病毒毒株具体是如何分离的，赵卫表示，一般来讲，分离病毒毒株有组织细胞培养法、动物接种和鸡胚接种三种方式。动物接种方式是指把病毒接种到动物体内，如小鼠脑内，可根据动物细胞的敏感性选择不同的接种部位，但小鼠是活的动物，会抓伤、咬伤操作者；而鸡胚接种可以培养的病毒种类相对较少。所以这两种方式一般不是最优和首要之选。“组织细胞培养法就是把含有病毒的样本材料接种到不同的细胞中，如肌肉、肝脏、肺的细胞等，不同病毒的细胞嗜性不同，即病毒对不同细胞的感染能力和效率有很大的差异，比如新冠病毒主要感染和破坏肺细胞，这有助于研究病毒的致病机理。”赵卫说，这一方法可以采用包括人体细胞在内的多种细胞，简便易行，安全性相对较高，是目前最常用的病毒分离培养方法。trog分离难度与病毒特性有关trog“病毒毒株是不是好分离，与病毒本身的特性有关。从报道看，新冠病毒的毒株分离应该不是很困难，比较容易在多种细胞中培养，而且收获病毒的滴度很高。”赵卫说，以其参与过的SARS冠状病毒毒株分离为例，由于SARS冠状病毒对多种细胞敏感，把病毒样本接种到细胞之后，病毒在细胞里能很快生长，可迅速获得大量的病毒颗粒。确实，成功分离出新型冠状病毒毒株的浙江省疾控中心微生物检验所所长张严峻介绍，他们从病人痰液标本里面，把新型冠状病毒毒株处理了以后，接种到相应的细胞里，让这个病毒在细胞里能够生长。两天后，实验人员对培养物进行鉴定，病毒已经在细胞里增殖，说明这个病毒培养分离已经成功了。“一个有资质的、高洁净度、无污染的实验室和保证安全的标准操作程序是整个分离培养流程的关键点。”赵卫表示，在病毒毒株分离过程中要保证绝对的无菌环境操作，排除各种杂菌和其他微生物的污染。赵卫强调，不是随便一个实验室都具有分离培养新型冠状病毒的资质，要有这个资质，至少要有三级生物安全实验室，而且实验室人员资质、工作流程、污染物的处理都要通过严格的审核，同时对于每一种高致病性病毒分离培养活动，都要专门向国家卫生健康委员会提出申请，经过审核批准后才能开展特定的分离和培养活动。而且实验活动结束后，按照国家规定，要对实验材料进行封闭、上交等，以防泄露。“一般来讲，只有当传染病患者有一些特别之处，比如有些人症状特别重，才需要把其体内病毒分离出来与其他病毒株做比较，以了解导致重症的原因，否则就没有必要分离那么多病毒株。”赵卫说，这是因为包括新冠病毒在内的高致病性病原微生物对实验室人员威胁大，在工作中一旦发生泄露，危害很大，需要尽可能减少非必要的操作。至于不同地方都在做这项工作的原因，赵卫解释，病毒毒株生物学特性除了和时间有关，也就是说病毒在不同传播时期可能会发生变异外，病毒流行还有一定的地域性。过去人员流动不是那么频繁，不同地区的病毒在基因特征上往往有地域烙印，现在人员交流多，地域特征不是那么明显了，但不同地区病毒株的生物学特征依然是一个重要的研究方向。trog毒株有助疫苗和药品研发trog“分离出病毒毒株，意味着我们已经拥有了疫苗的种子株。用其制作疫苗株并通过检测后，就可以制备疫苗。”中国工程院院士、国家卫健委高级别专家组成员李兰娟说，病毒毒株为疫苗研制、抗病毒药物的筛选以及快速检测试剂的研发等奠定了基础。确实，张严峻表示，分离得到病毒毒株对疫情的预防、控制以及病人的治疗都有重大意义。第一，有了病毒毒株以后，首先可以研制疫苗，如果疫苗研制成功，相当于彻底降服了这个恶魔；第二，可以做一些药物的研发，对病人进行治疗，作为新的病毒，该病现在还没有特效药；而就目前短期意义来说，有了病毒毒株之后，可以研发一些快速诊断的试剂，比如在15分钟到半个小时内出结果，这样对医院的临床诊断和治疗都有极大的帮助，对疫情的控制也有非常大的影响。赵卫表示，分离出病毒毒株，也就是获得了新冠病毒的纯的培养物，可以用于了解病毒的致病机理，如病毒是通过什么样的途径侵入到人体当中，在人体细胞中是怎样繁殖的、不同部位细胞的感染效率差异、产生细胞因子风暴的详细机制和干预手段等。以传统的灭活疫苗为例，赵卫解释，是将新冠病毒大量培养后，进行灭活但尽可能保留抗原性，再纯化制备成疫苗，如果疫苗进入健康人体内，可激发免疫系统产生出针对新冠病毒的免疫力，就可以预防这种疾病了。“但现实中，往往会出现疫苗诱导机体免疫力不够充分，不能起到保护人体的作用，这也是疫苗研发的难点之一。”赵卫说。再就是人们寄予厚望的药物。赵卫介绍，不管是当前引起广泛关注的老药新用，还是新药的研发，一般也要首先做体外实验。即在细胞模型上观察药物对病毒感染细胞的阻断或干扰作用，再在动物模型上进行验证，最后才是临床试验，这一切都要建立在病毒毒株的基础上，所以病毒毒株的获取对病毒病防治研究非常重要。trog相关链接trogtrog研究人员绘制出新冠病毒关键蛋白分子3D结构trog据新华社讯(记者周舟)美国科研团队首次绘制出新型冠状病毒一个关键蛋白分子的3D结构，这种蛋白是开发疫苗、治疗性抗体和药物的关键靶点。研究成果19日在线发表在美国《科学》杂志上。美国得克萨斯大学奥斯汀分校和美国国家卫生研究院的研究人员根据中国研究人员提供的病毒基因组序列，利用冷冻电子显微镜重建了新冠病毒表面的刺突蛋白在原子尺度上的3D构造，分辨率达到0.35纳米。研究发现，新冠病毒的刺突蛋白结构与严重急性呼吸综合征(SARS)冠状病毒的刺突蛋白结构非常相近，都将细胞表面的“血管紧张素转化酶2(ACE2)”作为侵入细胞的关键受体。论文通讯作者、得克萨斯大学奥斯汀分校分子生物科学系副教授贾森·麦克莱伦说，目前尚不清楚为何两者在分子层面上结合得更加紧密，且这种亲和力是否对病毒传播性造成影响还需进一步研究确认。麦克莱伦对新华社记者说，他们已将这一结构的原子坐标数据发送给全球多家实验室，其中多数来自中国，目前已有大约25家中国实验室要求获取相关资料。麦克莱伦说，这一成果可帮助研究人员展开三个方面的工作。第一，展开潜在药物筛查，发现可与这种刺突蛋白结合并破坏其功能的小分子；第二，设计可以与刺突蛋白结合并抑制其功能的新型蛋白分子或抗体；第三，设计出这种刺突蛋白的变体，例如使其拥有更高表达水平或热稳定性，从而诱发更强的免疫反应，以加快疫苗开发。麦克莱伦团队已对几种可与SARS病毒刺突蛋白结合的单克隆抗体进行了筛查，发现它们与新冠病毒没有明显的结合。麦克莱伦解释说，尽管新冠病毒与SARS病毒的刺突蛋白表面的相似性大约为75%，但如果在与抗体结合的区域恰好存在大量氨基酸差异，可与SARS病毒结合的抗体就难以与新冠病毒结合。
2020年02月21日,社保、公积金、养老金罕见重大调整 职工待遇有何变化_荔枝网新闻,中新经纬,新冠肺炎疫情仍在持续，疫情期间，广大企业职工的社保、医保、养老金和住房公积金迎来新政策。与此同时，种种疑问产生——公积金缓缴影响职工提取吗？社保减免政策实施后能按时足额支付吗？养老金能不能按时足额发放？中新经纬客户端进行了详细梳理。trog减免企业社保费超5000亿trogtrog——确保不影响职工权益trog2月18日，国务院常务会议提出：阶段性减免企业养老、失业、工伤保险单位缴费，以减轻疫情对企业特别是中小微企业的影响。2月20日，人力资源社会保障部副部长游钧在国新办发布会上介绍，三部门研究制定了《关于阶段性减免企业社会保险费的通知》，明确免、减、缓三项措施，各省份可以对中小微企业的养老、失业、工伤保险的三项社保单位缴费实行免征，免征政策执行到6月。游钧称，突发疫情面前，阶段性减免社保缴费，是应对疫情突发事件采取的一项特殊措施，是中国社会保障历史上的第一次，也是符合法律规定的。trog最重要的是，官方提出，要确保职工个人的权益不受影响，要确保各项社保的待遇按时足额支付。trogtrog与此同时，还有1.3万亿国有资本将“驰援”社保基金。trog财政部副部长余蔚平20日称，截至2019年底，中央层面已经完成四批81家中央企业和中央金融机构国有资本的划转工作，划转的国有资本是1.3万亿元，地方层面划转的工作也正在积极的推进。下一步，将会同相关部门务实高效地完成划转工作。据游钧介绍，初步估计，这次阶段性的减免共可减少三项社保企业缴费5000亿元以上，去年是4000多亿元。trog降低职工医疗保险费trogtrog——确保参保人当期待遇发放trog国家医疗保障局副局长陈金甫20日表示，考虑各地情况，由省政府决策，在确保基金收支平衡和中长期平衡前提条件下、确保待支付的条件下，阶段性减半征收单位缴纳的基本医疗保险费，从2月份开始最长到5月份。初步匡算，减征措施最大可为企业减负1500亿元，有力于支持企业复工和减轻企业负担。政策能确保职工医保正常发放吗？陈金甫称，目前职工基本医疗保险有能力支撑减半的措施，有力地支持了企业发展，同时也能确保参保人当期待遇的发放。同时，国家医保局医药管理司司长熊先军称，对于因疫情影响无法按时缴纳基本医疗保险费等部分医保经办业务，实行非紧急事项延期办，明确参保单位和个人，可以延期缓缴纳医保费，缓缴期间不影响享受医保待遇。trog企业可缓缴公积金至6月30日trogtrog——不影响职工提取和申请贷款trog住房和城乡建设部副部长倪虹20日称，关于住房公积金的三项阶段性支持政策中明确：企业可按规定申请在6月30日前缓缴住房公积金。trog缓缴期间缴存时间连续计算，trog不影响每个职工正常提取和申请住房公积金贷款。同时，对租房群体也有利好：trog支付房租有压力的缴存职工可合理提高住房房租的提取额度，并灵活安排提取时间。trog“公积金延迟缴纳，不会对购房者或职工造成太多的影响，不用太顾虑。对于医护人员，如果公积金贷款不能正常还款是不作为逾期处理的。”易居研究院智库中心研究总监严跃进称。值得关注的是，由于不少地方会对社保和公积金的“连续性”有所规定，二者连续缴纳期限则与购房资格直接“挂钩”。此次社保免征、公积金缓缴新政是否影响职工购房资格？专家表示，社保费的阶段性减免是政府决策、政府行为，因此，应当不会影响到普通职工连续缴纳社保的计算期限，减免期间也应当计算到购房资格的认定期限中，相信政府部门会有很好的政策对接。trog养老金减收4714亿trogtrog——不折不扣确保按时足额发放trog疫情期间的养老金能按时发放吗？这个官方已经给出了“定心丸”。且看部委有哪些发声：余蔚平20日表示，虽然基金收入因阶段性的减费政策有所减少，但影响总体可控，确保养老金按时足额发放有保障。据悉，养老保险制度运行总体平稳，虽然随着人口老龄化加剧，部分地区出现了基金收支压力加大的情况，但基金的累计结余仍在不断增加。截至2019年底，全国企业职工基本养老保险基金累计结余近5万亿元。这次出台的阶段性减费政策预计养老金减收4714亿元。余蔚平指出，今年将继续加大补助力度，帮助地方缓解因阶段性降费对基金造成的收支压力；加大养老保险基金的中央调剂力度；加大划转部分国有资本充实社保基金的力度；此外，加快建立基本养老保险全国统筹制度，建立健全基本养老保险金合理的调整机制，增强制度可持续性。人社部办公厅近期下发通知，亦trog明确要求确保各项社会保险待遇按时足额发放trog。各地人社部门也明确养老金会按时发放。北京市人社局明确要求，全市各级社保经办机构会同各社保代发银行，确保北京市企业退休人员2月份的养老金在本月15日到账。“不折不扣的确保养老金按时足额发放，切实维护广大退休人员的养老权益。”余蔚平如此强调。
2020年02月21日,社保、公积金、养老金罕见重大调整 职工待遇有何变化_荔枝网新闻,中新经纬,新冠肺炎疫情仍在持续，疫情期间，广大企业职工的社保、医保、养老金和住房公积金迎来新政策。与此同时，种种疑问产生——公积金缓缴影响职工提取吗？社保减免政策实施后能按时足额支付吗？养老金能不能按时足额发放？中新经纬客户端进行了详细梳理。trog减免企业社保费超5000亿trogtrog——确保不影响职工权益trog2月18日，国务院常务会议提出：阶段性减免企业养老、失业、工伤保险单位缴费，以减轻疫情对企业特别是中小微企业的影响。2月20日，人力资源社会保障部副部长游钧在国新办发布会上介绍，三部门研究制定了《关于阶段性减免企业社会保险费的通知》，明确免、减、缓三项措施，各省份可以对中小微企业的养老、失业、工伤保险的三项社保单位缴费实行免征，免征政策执行到6月。游钧称，突发疫情面前，阶段性减免社保缴费，是应对疫情突发事件采取的一项特殊措施，是中国社会保障历史上的第一次，也是符合法律规定的。trog最重要的是，官方提出，要确保职工个人的权益不受影响，要确保各项社保的待遇按时足额支付。trogtrog与此同时，还有1.3万亿国有资本将“驰援”社保基金。trog财政部副部长余蔚平20日称，截至2019年底，中央层面已经完成四批81家中央企业和中央金融机构国有资本的划转工作，划转的国有资本是1.3万亿元，地方层面划转的工作也正在积极的推进。下一步，将会同相关部门务实高效地完成划转工作。据游钧介绍，初步估计，这次阶段性的减免共可减少三项社保企业缴费5000亿元以上，去年是4000多亿元。trog降低职工医疗保险费trogtrog——确保参保人当期待遇发放trog国家医疗保障局副局长陈金甫20日表示，考虑各地情况，由省政府决策，在确保基金收支平衡和中长期平衡前提条件下、确保待支付的条件下，阶段性减半征收单位缴纳的基本医疗保险费，从2月份开始最长到5月份。初步匡算，减征措施最大可为企业减负1500亿元，有力于支持企业复工和减轻企业负担。政策能确保职工医保正常发放吗？陈金甫称，目前职工基本医疗保险有能力支撑减半的措施，有力地支持了企业发展，同时也能确保参保人当期待遇的发放。同时，国家医保局医药管理司司长熊先军称，对于因疫情影响无法按时缴纳基本医疗保险费等部分医保经办业务，实行非紧急事项延期办，明确参保单位和个人，可以延期缓缴纳医保费，缓缴期间不影响享受医保待遇。trog企业可缓缴公积金至6月30日trogtrog——不影响职工提取和申请贷款trog住房和城乡建设部副部长倪虹20日称，关于住房公积金的三项阶段性支持政策中明确：企业可按规定申请在6月30日前缓缴住房公积金。trog缓缴期间缴存时间连续计算，trog不影响每个职工正常提取和申请住房公积金贷款。同时，对租房群体也有利好：trog支付房租有压力的缴存职工可合理提高住房房租的提取额度，并灵活安排提取时间。trog“公积金延迟缴纳，不会对购房者或职工造成太多的影响，不用太顾虑。对于医护人员，如果公积金贷款不能正常还款是不作为逾期处理的。”易居研究院智库中心研究总监严跃进称。值得关注的是，由于不少地方会对社保和公积金的“连续性”有所规定，二者连续缴纳期限则与购房资格直接“挂钩”。此次社保免征、公积金缓缴新政是否影响职工购房资格？专家表示，社保费的阶段性减免是政府决策、政府行为，因此，应当不会影响到普通职工连续缴纳社保的计算期限，减免期间也应当计算到购房资格的认定期限中，相信政府部门会有很好的政策对接。trog养老金减收4714亿trogtrog——不折不扣确保按时足额发放trog疫情期间的养老金能按时发放吗？这个官方已经给出了“定心丸”。且看部委有哪些发声：余蔚平20日表示，虽然基金收入因阶段性的减费政策有所减少，但影响总体可控，确保养老金按时足额发放有保障。据悉，养老保险制度运行总体平稳，虽然随着人口老龄化加剧，部分地区出现了基金收支压力加大的情况，但基金的累计结余仍在不断增加。截至2019年底，全国企业职工基本养老保险基金累计结余近5万亿元。这次出台的阶段性减费政策预计养老金减收4714亿元。余蔚平指出，今年将继续加大补助力度，帮助地方缓解因阶段性降费对基金造成的收支压力；加大养老保险基金的中央调剂力度；加大划转部分国有资本充实社保基金的力度；此外，加快建立基本养老保险全国统筹制度，建立健全基本养老保险金合理的调整机制，增强制度可持续性。人社部办公厅近期下发通知，亦trog明确要求确保各项社会保险待遇按时足额发放trog。各地人社部门也明确养老金会按时发放。北京市人社局明确要求，全市各级社保经办机构会同各社保代发银行，确保北京市企业退休人员2月份的养老金在本月15日到账。“不折不扣的确保养老金按时足额发放，切实维护广大退休人员的养老权益。”余蔚平如此强调。
2020年02月20日,甘肃20日最新通报：无新增新冠肺炎确诊病例 6例出院_荔枝网新闻,央视新闻,据甘肃省卫健委通报，2月19日20时至2月20日20时，甘肃省无新增新型冠状病毒肺炎确诊病例。新增出院6例。截至2月20日20时，甘肃累计报告新型冠状病毒肺炎确诊病例91例，累计治愈出院71例，累计死亡病例2例。现有18例在定点医院进行隔离治疗，其中兰州市7例、甘南州4例、平凉市3例、白银市2例、定西市1例、庆阳市1例。现有重型病例3例，危重型病例1例。甘肃省新增疑似病例1例，现有疑似病例1例，兰州市1例。目前，累计追踪到密切接触者4089人，已解除医学观察3569人，其余520人正在接受医学观察。记者统计后发现，从14日开始到20日，7天时间内，甘肃省有6天没有增加确诊病例，只有在2月17日的通报中，增加1例确诊病例。
