2020年03月15日,海报 | 【最美逆行】中国队，出征！_荔枝网新闻,中国日报网,近日，疫情在全球迅速蔓延。世卫组织每日疫情报告显示，截至北京时间13日17时，中国以外新冠肺炎确诊病例较前一日增加7488例，达到51767例；中国以外死亡病例较前一日增加335例，达到1775例。其中，伊朗、意大利等疫情严峻的国家纷纷向国际社会发出求助。收到求助后，抗击新冠肺炎疫情经验最为丰富的中国迅速组建了志愿医疗队，奔赴疫情前线。（数据来源：央视网）
2020年03月15日,南京发布第16号通告：境外来宁返宁人员违反防疫规定一律依法严处_荔枝网新闻,我苏网,trog我苏网讯trog 当前，新冠肺炎疫情在境外呈快速扩散态势，疫情跨境流动传播的风险增大。南京市高度重视入境人员健康管理，对所有中外人员坚持一视同仁、无差别落实防控措施。为及时有效应对境外疫情输入风险，切实保障全市复工复产和对外开放大局，现就进一步做好境外疫情输入防控工作通告如下：trog一、严格入境防控措施trog1．从南京口岸入境，发现有发热、咳嗽等异常症状的中外人员，立即送发热门诊就医。发热等异常症状人员的密切接触者，按规定统一实施集中医学观察。2．从南京口岸入境，来自疫情严重国家（地区）的中外人员，统一实施集中或居家医学观察（细则另发）。3．我市在北京、上海空港口岸以及南京禄口机场、铁路南京站、南京南站设立涉外疫情防控转运服务点，对目的地为南京，有疫情严重国家（地区）行程史人员实施全程受控转运。4．从全国其他口岸入境不满14天、自行抵达南京的有疫情严重国家（地区）行程史人员，须在抵宁后1小时内向所在单位或社区如实报告，并自抵宁之日起一律实施集中医学观察至14天期满。trog二、做好过境中转管控trog5．在南京口岸入境，中转到外省市的来自疫情严重国家（地区）中外人员，身体无发热、咳嗽等异常症状的，在填写《过境旅客告知书》并承诺对填写信息的真实性承担法律责任后，准予过境中转。目的地系省内其他设区市的，由目的地防控指挥部派驻南京口岸转运服务点受控转运；目的地系外省的，由市防控指挥部通报所在地防控指挥部。6．过境中转的中外人员，如需当日临时住宿、次日中转的，统一入住指定宾馆，个人住宿费用自理。trog三、落实单位主体责任trog7．全市涉外单位必须及时对本单位入境的中外人员履行体温检测、信息登记报告、健康管理等涉外疫情防控主体责任。8．全市高校结合延迟开学的情况，主动联系尚在境外的外国留学生和教师，要求在学校复学前，不得自行返校；对提前返校的，所在学校必须严格落实疫情防控管控措施。9．宾馆饭店应切实履行入境中外人员住宿登记管理责任，及时依法向公安机关报送临时住宿登记信息，并做好对入住中外人员的体温检测、健康询问等相关管理服务工作。10．社区（村）应继续加强疫情管控，全面排查本辖区新入境中外人员，并做好信息登记、体温检测、健康管理等工作。trog四、加强防疫保障服务trog11．入境来宁的中外人员应提前登陆“苏康码”或“宁归来”平台进行健康申报。在境外留学、经商务工等人员，应在所在国家（地区）做好自我疫情防护，身体有异常状况立即就医；遇有特殊情况及时与我驻外使领馆联系寻求帮助，国内亲属也可向市外办咨询。12．做好对集中医学观察和居家观察中外人员的管理服务及人文关怀，充分尊重其宗教、饮食和风俗习惯，帮助解决实际困难，做好生活保障服务。13．中外人员入境来宁后被确诊为输入型病例和疑似病例的，有基本医疗保险的，医疗费用按照基本医疗保险相关规定支付；有商业保险的，按照商业保险合同规定支付；其他人员原则上由个人承担。经认定确有困难的人员，按照相关规定予以医疗救助。trog五、严肃法律责任追究trog14．入境来宁的中外人员，应如实履行健康申报、行程史填报等信息报告责任。凡涉嫌故意隐瞒传染病接触史、故意隐瞒疫情严重国家（地区）行程史，隐瞒病情、不如实申报健康状况、拒绝接受医学检测和属地防控措施，以及其他扰乱疫情防控正常秩序等行为的，将依据《治安管理处罚法》、《传染病防治法》等法律法规，依法追究相应法律责任，并作为失信人员纳入个人信用档案；若被诊断为新冠肺炎确诊或疑似病例的，医疗费用一律由个人承担。15．对知情不报、故意隐瞒入境来宁人员情况，或工作责任不落实，造成严重后果的机关、企事业单位和所在街道、社区（村），依法依纪依规追究相应责任。对违反涉外疫情防控规定的情形，广大市民请及时拨打举报电话。咨询、举报电话：025-68787300、68787321。
2020年03月15日,南京发布第16号通告：境外来宁返宁人员违反防疫规定一律依法严处_荔枝网新闻,我苏网,trog我苏网讯trog 当前，新冠肺炎疫情在境外呈快速扩散态势，疫情跨境流动传播的风险增大。南京市高度重视入境人员健康管理，对所有中外人员坚持一视同仁、无差别落实防控措施。为及时有效应对境外疫情输入风险，切实保障全市复工复产和对外开放大局，现就进一步做好境外疫情输入防控工作通告如下：trog一、严格入境防控措施trog1．从南京口岸入境，发现有发热、咳嗽等异常症状的中外人员，立即送发热门诊就医。发热等异常症状人员的密切接触者，按规定统一实施集中医学观察。2．从南京口岸入境，来自疫情严重国家（地区）的中外人员，统一实施集中或居家医学观察（细则另发）。3．我市在北京、上海空港口岸以及南京禄口机场、铁路南京站、南京南站设立涉外疫情防控转运服务点，对目的地为南京，有疫情严重国家（地区）行程史人员实施全程受控转运。4．从全国其他口岸入境不满14天、自行抵达南京的有疫情严重国家（地区）行程史人员，须在抵宁后1小时内向所在单位或社区如实报告，并自抵宁之日起一律实施集中医学观察至14天期满。trog二、做好过境中转管控trog5．在南京口岸入境，中转到外省市的来自疫情严重国家（地区）中外人员，身体无发热、咳嗽等异常症状的，在填写《过境旅客告知书》并承诺对填写信息的真实性承担法律责任后，准予过境中转。目的地系省内其他设区市的，由目的地防控指挥部派驻南京口岸转运服务点受控转运；目的地系外省的，由市防控指挥部通报所在地防控指挥部。6．过境中转的中外人员，如需当日临时住宿、次日中转的，统一入住指定宾馆，个人住宿费用自理。trog三、落实单位主体责任trog7．全市涉外单位必须及时对本单位入境的中外人员履行体温检测、信息登记报告、健康管理等涉外疫情防控主体责任。8．全市高校结合延迟开学的情况，主动联系尚在境外的外国留学生和教师，要求在学校复学前，不得自行返校；对提前返校的，所在学校必须严格落实疫情防控管控措施。9．宾馆饭店应切实履行入境中外人员住宿登记管理责任，及时依法向公安机关报送临时住宿登记信息，并做好对入住中外人员的体温检测、健康询问等相关管理服务工作。10．社区（村）应继续加强疫情管控，全面排查本辖区新入境中外人员，并做好信息登记、体温检测、健康管理等工作。trog四、加强防疫保障服务trog11．入境来宁的中外人员应提前登陆“苏康码”或“宁归来”平台进行健康申报。在境外留学、经商务工等人员，应在所在国家（地区）做好自我疫情防护，身体有异常状况立即就医；遇有特殊情况及时与我驻外使领馆联系寻求帮助，国内亲属也可向市外办咨询。12．做好对集中医学观察和居家观察中外人员的管理服务及人文关怀，充分尊重其宗教、饮食和风俗习惯，帮助解决实际困难，做好生活保障服务。13．中外人员入境来宁后被确诊为输入型病例和疑似病例的，有基本医疗保险的，医疗费用按照基本医疗保险相关规定支付；有商业保险的，按照商业保险合同规定支付；其他人员原则上由个人承担。经认定确有困难的人员，按照相关规定予以医疗救助。trog五、严肃法律责任追究trog14．入境来宁的中外人员，应如实履行健康申报、行程史填报等信息报告责任。凡涉嫌故意隐瞒传染病接触史、故意隐瞒疫情严重国家（地区）行程史，隐瞒病情、不如实申报健康状况、拒绝接受医学检测和属地防控措施，以及其他扰乱疫情防控正常秩序等行为的，将依据《治安管理处罚法》、《传染病防治法》等法律法规，依法追究相应法律责任，并作为失信人员纳入个人信用档案；若被诊断为新冠肺炎确诊或疑似病例的，医疗费用一律由个人承担。15．对知情不报、故意隐瞒入境来宁人员情况，或工作责任不落实，造成严重后果的机关、企事业单位和所在街道、社区（村），依法依纪依规追究相应责任。对违反涉外疫情防控规定的情形，广大市民请及时拨打举报电话。咨询、举报电话：025-68787300、68787321。
2020年03月15日,武汉市卫健委：仍有社区散发病例　疫情形势仍然严峻_荔枝网新闻,新华网,新华社武汉3月15日电（记者李思远、胡喆）“尽管近期武汉市新增确诊病例持续保持个位数。但仍有社区零星散发的门诊病例。疫情防控形势依然很严峻。”15日举行的湖北省新冠肺炎疫情防控工作新闻发布会上，武汉市卫健委副主任郑云说。3月11日以来，武汉新增确诊病例数连续4天保持个位数。郑云介绍，很多市民认为武汉市疫情已得到有效控制，希望恢复正常生活，我们非常理解。但是根据流行病学调查分析和传染病规律，武汉市现在的疫情防控形势依然很严峻。郑云说，3月13日和14日，武汉均有1例确诊病例来自于门诊病例。并且在流行病学调查过程中，发现患者本人和家属在居家期间有外出和在小区内活动的轨迹，不排除有社区感染可能，所以当前还是存有一定的社区传染风险。郑云提醒广大武汉市民，对待疫情仍要保持高度警惕，尽量避免外出。不得已外出时，一定要做好个人防护，与他人保持好距离。
2020年03月15日,三亚：3月16日起所有境外入市人员一律集中隔离观察_荔枝网新闻,中国新闻网,三亚市新型冠状病毒肺炎疫情防控工作指挥部15日发布发布，从3月16日零时起，所有境外入市人员抵达三亚后，一律到指定的场所集中隔离观察，隔离期间所有费用自理。trog关于进一步加强境外入市人员疫情防控工作的通告trog当前，境外多个国家新冠肺炎疫情呈快速扩散蔓延态势，为严防疫情境外输入和扩散，全力保障广大市民和境外入市人员身体健康和生命安全，现就有关事宜通告如下：一、坚持人员“一视同仁”所有境外入市人员(包括境外来三亚的外籍人士和境外回国进入、返回三亚的中国公民)，都应自觉遵守中华人民共和国有关法律法规和海南省、三亚市疫情防控相关要求，理解并积极配合我市对防控疫情所采取的各项措施。从3月16日零时起，所有境外入市人员在来三亚前，都应主动向目的地的区级疫情防控指挥部报告。抵达三亚时，应配合机场、车站工作人员如实填报个人信息，接受健康检测，并申请海南健康码。二、坚持集中隔离和集中救治从3月16日零时起，所有境外入市人员抵达三亚后，一律到市疫情防控指挥部指定的场所集中隔离观察，隔离期间所有费用自理。对于有呼吸道症状、发热、畏寒、乏力、腹泻、结膜充血等症状的人员，立即到定点医院排查诊治。对于未参加国内基本医疗保险的人员，医疗费用原则上由个人负担。参加了商业健康保险的人员，由商业保险公司按合同支付。三、严格执行报告制度1.全市各级机关企事业单位必须严格落实主体责任，全面排查掌握工作人员、直系亲属及其共同生活人员境外入市情况，并提前24小时向市疫情防控指挥部报告(报告内容包括：人员基本情况、入境时间、入境口岸、境外旅居史、进入我市所乘交通工具、在我市的居住地、联系电话等相关信息，下同)。2.邀请、接待或聘用境外入市人员的单位，应提前48小时向市疫情防控指挥部报告，并按照“谁接待谁负责”的原则，落实全程管理服务责任。3.酒店、宾馆、民宿、房屋出租人等要严格住宿登记管理并详细询问入住人员的近期境外旅居史，一旦发现有境外入市人员，不得收住，并立即向所在区疫情防控指挥部报告。4.境外入市人员在我市有固定住所、暂住住所或工作单位的，应在抵市后2小时内主动向所在地社区(村、居)报告，社区(村、居)要立即向区疫情防控指挥部报告，并将有关人员纳入社区防控体系。5.加大防境外输入群防群控工作力度，严格压实属地管理、单位主体、个人防控责任。各社区(村、居)要落实好网格化服务管理措施，并于每日17时前将有关排查情况报所在区疫情防控指挥部。群众发现境外入市人员未按规定主动报告或社区、单位等未及时报告的，可向市、区疫情防控指挥部举报、投诉。四、严格依法追究责任境外入市人员要主动如实报告有关情况，迟报、漏报、瞒报、虚报情况，造成不良影响和后果的，将依法依规严肃追究相关单位和个人相应责任。五、提供24小时热线服务我市开通24小时服务热线，为境外入市人员提供咨询服务。如有需要，可致电：12345服务热线；市疫情防控指挥部：18689701622，16689699122；吉阳区防控指挥部：0898-88713966，88702166；天涯区防控指挥部：0898-88349869；海棠区防控指挥部：13697562491；崖州区防控指挥部：0898-88832150；育才生态区防控指挥部：0898-88953133。三亚市新型冠状病毒肺炎疫情防控工作指挥部2020年3月15日
2020年03月15日,武汉协和肿瘤中心ICU昨日清零休舱 浙江医疗队原地休整_荔枝网新闻,中国新闻网,trog(抗击新冠肺炎)武汉协和肿瘤中心ICU今日清零休舱浙江医疗队原地休整trog3月15日，华中科技大学同济医学院附属协和肿瘤中心三楼的重症监护室，在挥别最后12名患者、撤离各种器械设备后，又逐渐恢复成起初腾空骨科病房的模样。当日，该院ICU清零休舱，忙碌了一个月的浙江医疗队原地休整待命。2月14日，浙江大学医学院附属第二医院(下称浙大二院)的171名医护人员飞抵武汉，2月15日进驻医院，对病房进行硬件改造与流程优化，安装好随行带来的呼吸机、ECMO等器械设备，当晚8时开科收治新冠肺炎重症及危重症患者。过去一个月，171位浙江医护人员也与69名患者结下了深厚情谊，生命的奇迹曾在这里上演，20名患者治愈出院，包括98岁的天文泰斗韩天芑及其夫人；16名患者转为轻症，被转移到普通病房……当日，该医疗队援武汉战“疫”的第31天，也是医护人员奋战于此的最后一天。为帮助最后12名患者转运到武汉协和西院继续治疗，医疗队护理负责人、浙大二院护理部副主任宋剑平连夜“调兵遣将”，安排了多位经验丰富的护士，并将到岗时间提早了一小时。据悉，需要转运的12名危重症新冠肺炎患者中，有5名持续机械通气的患者。转运气管插管患者，是最高风险的挑战。转运前，医护人员认真评估患者的生命体征，调试转运呼吸机，准备抢救物品和药品，整理并消毒病人随身物品，与对方医院和120救护人员充分沟通。转运过程全程陪同，途中严密监测，直至安全抵达，做到无缝衔接。除了转运病患，繁重的终未消毒及物品归整工作亦是医务人员面临的挑战。当患者全部转出后，在护士长王丽竹的安排下，全组队员开始了忙碌：擦拭监护仪、整理治疗车、集中回收利器盒、用双层黄色垃圾袋包裹被褥、遥控机器人进行空气消毒……下午3时30分，所有仪器归整到位。在陪伴浙大二院医护人员作战一个月后，此刻，它们也终于光荣“下岗”。同在该院驰援的浙江其他医疗队也同步做好了余下患者的转运与病房整理工作。这意味着，浙江省第四批援湖北医疗队队员可暂作休整，等待下一个驰援指令。浙大二院常务副院长、驰援武汉医疗队领队王伟林说：“总有人用平凡成就伟大，我们都是平凡的人。清零和休舱来之不易，我们也随时准备着迎接新的任务。”
2020年03月15日,西班牙新增新冠肺炎确诊病例2000例，累计达7753例_荔枝网新闻,人民日报,据西班牙卫生部15日11时30分公布的数据，西班牙较前日12时新增新冠肺炎确诊病例2000例，累计确诊病例达7753例，其中288人死亡，382人病情危重。
2020年03月15日,广东省报告3例境外输入新冠肺炎确诊病例 来自瑞士、泰国、菲律宾_荔枝网新闻,荔枝新闻,trog荔枝新闻讯trog据广东省卫生健康委官方网站，3月15日，广东省报告3例境外输入新冠肺炎确诊病例，分别为广州市报告1例菲律宾输入病例、深圳市报告1例瑞士输入病例，佛山市报告1例泰国输入病例。广州报告病例，3月13日乘坐南航CZ398航班从工作地菲律宾马尼拉抵达广州白云机场。3月14日，新冠病毒核酸检测阳性。目前在广州市第八人民医院进行隔离治疗，病情稳定。确定密切接触者32人，已集中隔离医学观察14人，其余18人已发函提请属地纳入管理。深圳报告病例，在瑞士留学，3月13日乘坐CX382航班回国，3月14日抵达香港国际机场，入境时体温正常，主动申报有瑞士旅居史且曾出现咳嗽、咳痰等症状，被转至华中科技大学协和深圳医院隔离留观，新冠病毒核酸检测阳性。目前在深圳市第三人民医院隔离治疗，病情稳定。确认密切接触者4人，均已集中隔离医学观察。相关情况已通报香港卫生部门。佛山报告病例，3月5日乘坐航班9C6316从泰国曼谷抵达广州白云机场，后回佛山住所。3月7日出现乏力不适，3月8日到广州医科大学附属第三医院就诊，3月10日新冠病毒核酸阳性，当日转至佛山市第四人民医院隔离观察。患者出现咳嗽，肺部渗出，病情稳定。截至目前，初步确认密切接触者61人，其中4人在佛山集中隔离医学观察，其余57人已发函提请属地纳入管理。
2020年03月15日,联播+|习近平国际战疫中的“情”与“义”_荔枝网新闻,央视新闻,trog联播+trog 日前，习近平主席分别向伊朗总统鲁哈尼、意大利总统马塔雷拉、韩国总统文在寅、欧洲理事会主席米歇尔和欧盟委员会主席冯德莱恩致慰问电，就近期相关国家和地区发生新冠肺炎疫情，代表中国政府和中国人民向他们表示诚挚慰问，同时表明中方愿意提供力所能及的帮助，传递出战疫必胜的坚定信心。人类是一个命运共同体。战胜关乎各国人民安危的疫病，团结合作是最有力的武器。疫情发生以来，习近平先后与10多位国际政要通过电话、慰问电等形式围绕新冠肺炎疫情进行沟通。央视网《联播+》从四个关键词入手梳理，带您一起读懂习主席在国际战疫中传递出的“情”与“义”。（中央广播电视总台央视网）
2020年03月15日,安徽一医生擅自收治发热病人致3人确诊 数百人隔离_荔枝网新闻,荔枝新闻,trog荔枝新闻讯trog据安徽省人民检察院微信公号通报消息，1月30日，安徽六安市霍邱县周集镇某村卫生室医生吴某德，明知就诊病人刘某根发热(自测体温37.4度)、咳嗽，在无相关证明的情况下接诊刘某根，为其开处药方，并安排王某(吴某德妻子)进行输液治疗，且未按要求告知刘某根转诊或到上级医院诊治。2月8日，吴某德明知就诊病人李某朋发热(体温37.8度)、咳嗽，在且无相关证明的情况下，为其开处药方，并安排王某进行输液治疗，亦未告知李某朋转诊或到上级医院诊治。同时，吴某德所在村卫生室还作为快递代收点，在新冠肺炎疫情防控期间，数百名群众到卫生室取件。2月14日吴某德将诊所关闭，2月15日、16日、18日，李某朋、刘某根和王某3人被确诊为新冠肺炎患者。现已查明，因吴某德和王某在诊所内接触致隔离人员达数百名。2月20日，霍邱县公安局对吴某德以涉嫌妨害传染病防治罪立案侦查。3月3日，经会商，认为犯罪嫌疑人吴某德在新冠肺炎疫情防控期问，拒绝执行霍邱县卫生健康委员依照传染病防治法提出的预防、控制措施，擅自收治发热病人，引起新冠肺炎传播，造成数百名群众被隔离观察，情节严重，其行为涉嫌妨害传染病防治罪。目前，因吴某德被医学隔离，霍邱县公安局暂对其采取监视居住强制措施，案件正在进一步侦查中。
2020年03月15日,安徽一医生擅自收治发热病人致3人确诊 数百人隔离_荔枝网新闻,荔枝新闻,trog荔枝新闻讯trog据安徽省人民检察院微信公号通报消息，1月30日，安徽六安市霍邱县周集镇某村卫生室医生吴某德，明知就诊病人刘某根发热(自测体温37.4度)、咳嗽，在无相关证明的情况下接诊刘某根，为其开处药方，并安排王某(吴某德妻子)进行输液治疗，且未按要求告知刘某根转诊或到上级医院诊治。2月8日，吴某德明知就诊病人李某朋发热(体温37.8度)、咳嗽，在且无相关证明的情况下，为其开处药方，并安排王某进行输液治疗，亦未告知李某朋转诊或到上级医院诊治。同时，吴某德所在村卫生室还作为快递代收点，在新冠肺炎疫情防控期间，数百名群众到卫生室取件。2月14日吴某德将诊所关闭，2月15日、16日、18日，李某朋、刘某根和王某3人被确诊为新冠肺炎患者。现已查明，因吴某德和王某在诊所内接触致隔离人员达数百名。2月20日，霍邱县公安局对吴某德以涉嫌妨害传染病防治罪立案侦查。3月3日，经会商，认为犯罪嫌疑人吴某德在新冠肺炎疫情防控期问，拒绝执行霍邱县卫生健康委员依照传染病防治法提出的预防、控制措施，擅自收治发热病人，引起新冠肺炎传播，造成数百名群众被隔离观察，情节严重，其行为涉嫌妨害传染病防治罪。目前，因吴某德被医学隔离，霍邱县公安局暂对其采取监视居住强制措施，案件正在进一步侦查中。
2020年03月15日,日本国内新增确诊病例30例累计803例 死亡24例_荔枝网新闻,海外网,据日本放送协会（NHK）15日消息，日本厚生劳动省和各地政府当天公布的数据显示，日本15日新增30例新冠肺炎确诊病例，截至当地时间15日晚8时，日本国内累计确诊新冠肺炎病例803例。此外，“钻石公主”号邮轮确诊的乘客及乘务人员确诊697例，乘坐日本政府包机回到日本国内的14人，日本累计确诊新冠肺炎病例1514人。确诊病例中包括31例死亡病例，包括在国内感染的24人，以及“钻石公主”号邮轮的乘客7人。
2020年03月15日,新冠病毒起源尚无定论 美国政客“污名化”中国遭各界抨击_荔枝网新闻,央视新闻客户端,在全世界积极投入抗击新冠肺炎疫情之际，美国一些政府高官和媒体人却频频用“泼脏水”、“贴标签”等污名化手段指责中国。3月10日，美国众议院少数党领袖凯文·麦卡锡在社交媒体上使用“中国冠状病毒”一词。此前，美国福克斯新闻台主持人杰西·沃特斯公然要求中国人为新冠肺炎疫情“正式道歉”。美国国务卿蓬佩奥在接受媒体采访时多次将新型冠状病毒称为“武汉病毒”。由于曾与一位确诊人士有过接触，美国众议院议员保罗·戈萨拉3月8日在社交媒体上宣布将自我隔离14天，他将新冠病毒再次称为“武汉病毒”。美政客“污名化”中国被斥无耻澳大利亚《悉尼先驱晨报》网站11日报道称，澳大利亚前总理陆克文猛烈抨击一些美国共和党籍政客将新冠病毒称为“武汉冠状病毒”或“中国冠状病毒”的做法。陆克文表示，此种“幼稚”言论将有损全球应对这场危机的努力。美国全国广播公司（NBC）报道，因将新冠病毒称为“武汉病毒”，美国众议院议员保罗·戈萨拉遭到民众痛斥。对于戈萨拉在推文中提到“武汉病毒”一事，微软全国广播公司节目（MSNBC）主持人克里斯·海耶斯（ChriHye）在社交媒体直呼：“这种说法令人感到恶心。”美国民主党籍国会众议员孟昭文要求麦卡锡道歉，并指责他的这一举动是“寻找替罪羊和政治权宜伎俩”。她说：“给疾病贴标签令人蒙羞、粗鲁无礼、令人作呕，这非常无耻。”关于新型冠状病毒，还有许多问题尚未解决，例如“它起源于哪里？”“病毒如何传播给人类的？”美国《国家利益》杂志12日发表题为《没有人真正知道新冠病毒的确切来源》的报道。文章指出，世界各地的科学家一直在努力寻找新冠病毒的起源，目前存在许多问题尚未解决，最关键的是目前仍没有掌握关于病因来源的明确数据。虽然早期的报道称华南海鲜市场、动物和新冠病毒之间存在联系，但这种理论从未得到证实。1月24日，《柳叶刀》网络版发表了一篇由武汉市金银潭医院黄朝林等7名临床医生参与的《中国武汉2019新型冠状病毒感染者的临床特征》研究论文，论文的研究对象是最初被收治的41例新冠肺炎病例。研究显示，首名感染新型冠状病毒患者出现症状的日期是2019年12月1日，该病例无华南海鲜市场暴露史，其家人也未出现发热和呼吸道症状。在论文中，他们追踪了这41名确诊病例的病史，其中有13名病例与华南海鲜市场无接触史，27人曾到访过海鲜市场。在最早出现的4名感染者中，有3人没有华南海鲜市场暴露史。这一重要信息，为疫源地是否为华南海鲜市场打上了一个问号。《科学》杂志1月26日发表一篇题为《武汉华南海鲜市场可能并非新型冠状病毒发源地》文章。文中援引美国乔治敦大学传染病专家丹尼尔·卢西（DielLucey）观点：“13个人和这个市场没有任何联系。这不是个小数字。”他认为，如果数据真实准确，那么最早的感染可能发生在去年11月。因为在感染和症状出现之间有一段潜伏期。他表示如果是这种情况，新型冠状病毒最初可能源自其他地方，在人群中悄无声息地传播，12月下旬出现华南海鲜批发市场的大量病例。中国科学院西双版纳热带植物园等机构研究人员以预印本形式发布论文，他们收集了覆盖四大洲12个国家的93个新型冠状病毒样本的基因组数据（截至2月12日），通过对全基因组数据解析后发现，收到的样本包含58种单倍型，可以归纳为五组，包括3个古老的超级传播者单倍型（H1,H3和H13）和2个新的超级传播者单倍型（H56和mv2）。与华南海鲜市场有关联的患者样本单倍型都是H1这一类型或其衍生类型，而H3、H13和H38等更“古老”的单倍型来自华南海鲜市场之外，再次印证了华南海鲜市场的新冠病毒是从其他地方传入的观点。病毒如何从自然界进入人类社会？中间宿主究竟是什么？病毒是如何传播的？这一过程尚不明确。中国国家卫健委2月29日发布的《中国—世界卫生组织新型冠状病毒肺炎（COVID-19）联合考察报告》显示，新冠肺炎病毒是一种动物源性病毒，目前的全基因组基因序列系统进化分析结果显示，该病毒与蝙蝠携带SARS样冠状病毒RTG13株全基因组亲缘关系最近，同源性为96%。蝙蝠似乎是该病毒的自然宿主，但中间宿主尚未查明。2月7日，华南农业大学曾对外发布消息称，华南农业大学、岭南现代农业科学与技术广东省实验室沈永义教授、肖立华教授等科研人员联合开展的研究表明，穿山甲为新型冠状病毒潜在中间宿主。2月26日《自然》杂志发布一篇题为《新冠病毒的动物来源说法仍迷雾重重》的文章。文章指出，穿山甲有可能是中间宿主，但从大量的遗传学分析角度尚未找到确凿的证据作支撑。世卫组织卫生紧急项目技术主管玛丽亚·范·科霍夫表示，有篇论文提到了穿山甲与新冠病毒有密切联系，穿山甲有可能是中间宿主，但尚不清楚所有细节。要确定导致人感染新冠肺炎的中间宿主动物，还有很多要做的工作。我们还没有确切的答案，但正在积极研究。美国全国广播公司（NBC）2月28日发表题为《新型冠状病毒来自哪儿？之前的暴发给出一些提示》报道，文中援引英国雷丁大学病毒学教授伊恩·琼斯（IJoe）观点称，早期研究表明该病毒与马蹄蝠中携带的已知冠状病毒非常相似。但尚不清楚的是，病毒如何从蝙蝠中转移到某个或多个中间宿主，最终进入人体的。当地时间2月28日，世卫组织在日内瓦召开发布会表示：新冠病毒源头尚不确定，去年12月的一些初始病例与华南海鲜市场有关，但另一些初始病例与该市场并无接触。穿山甲有可能是中间宿主，但仍有待更多研究。世卫组织卫生紧急项目负责人迈克尔瑞安表示，应避免涉及地域的污名化语言，没有任何益处。“冠状病毒是全球现象，在全世界都存在。不要去责怪其地理来源，应关注如何应对及遏制病毒。”中国外交部：这是一个科学问题需要听取科学和专业的意见3月13日，中国外交部发言人耿爽在例行记者会上表示，我们注意到，最近一段时间有一些关于新冠病毒源头的讨论。个别美国政府高官和国会议员借此发表种种不实和不负责任的言论，抹黑攻击中国，我们对此坚决反对。事实上，国际社会包括美国国内，对病毒源头问题有不同看法。中方始终认为，这是一个科学问题，需要听取科学和专业的意见。制片人丨王薇主编丨李瑛
2020年03月15日,团结·合作·行动——国际社会呼吁全球紧密合作　有效应对新冠肺炎“大流行”_荔枝网新闻,新华社,新华社北京3月13日电在世界卫生组织总干事谭德塞日前宣布新冠肺炎疫情已具备“大流行”特征之后，连日来，国际社会纷纷呼吁全球紧密合作，各国采取适合本国情况的有效措施，携手应对新冠肺炎疫情“大流行”对全人类的挑战。trog【团结合作抗击疫情】trog联合国秘书长古特雷斯呼吁各国政府和人民团结起来，展现责任和同理心，共同抗击疫情。他同时呼吁国际社会避免恐慌，“在抗击病毒流行的同时，不能让恐惧流行。只要各国实施检测、治疗、隔离、追踪等措施，并动员民众，就能够减少病毒的传播”。格鲁吉亚总理加哈里亚表示，世界应保持团结并采取积极行动、彼此关爱，而不是恐慌。韩国总统府青瓦台发表声明说，国家安全委员会常任委员会已举行会议就“大流行”特征进行了讨论，决定韩国将积极参与国际社会遏制新冠肺炎疫情扩散的努力。英国英格兰首席医疗官克里斯·惠蒂说，全球情况正在改变，病毒在包括英国在内的多个国家传播。英国一直为应对这一“大流行”做准备，“我们需要齐心协力应对挑战”。新西兰财政部长格兰特·罗伯逊说，新西兰将与其他国家协调政策措施，加强国际合作，减轻疫情对经济的影响。俄罗斯国民经济和国家行政学院副教授萨佐诺娃强调，消除疫情不是一国两国的事，各国政府都应对疫情高度重视，只有大家团结一心、加强合作，才能最终战胜疫情。塞内加尔卫生和流行病学研究所所长苏莱曼·姆布普指出，目前可以利用的大多数信息都来自中国的经验，在全球范围内共享信息和经验对于有效对抗疫情至关重要。trog【积极行动防止蔓延】trog日本首相安倍晋三表示，日本将进一步加强与国际社会合作，全力防止新冠肺炎疫情扩散。他还强调，日本政府将采取一切手段应对国内新冠肺炎疫情，提高警惕，果断采取必要措施，全力防止疫情蔓延，确保国民健康和生命安全。新加坡总理李显龙说，新加坡已推出一些措施，如确保公共和个人卫生、避免大型集会等，这些措施仍将继续执行。此外，政府正准备宣布第二个配套政策以稳定经济。澳大利亚政府宣布了总额为176亿澳元（约合777亿元人民币）的一揽子经济计划。澳政府认为，中国近来正在复工复产，给澳大利亚经济带来“积极迹象”。总理莫里森说，澳大利亚还采取其他措施以应对新冠肺炎危机。马拉维卫生与人口部长贾皮耶·姆汉戈表示，在世卫组织和一些国家的帮助下，马拉维将在3月底建成能够检测新冠病毒的实验室，这将有助于更好开展防疫工作。哈萨克斯坦第一副总理斯迈洛夫说，哈将暂停一切公共活动，并采取预防措施应对疫情。政府将确保食品和其他生活必需品供应不受影响，并维护中小企业利益。（参与记者：张家伟、尚绪谦、李铭、卢怀谦、姜俏梅、耿学鹏、陆睿、赵宇鹏、任军、邢建桥、蔡蜀亚、吴刚）
2020年03月15日,回家啦！武汉市最大康复驿站首批172人结束隔离观察_荔枝网新闻,湖北电视综合频道,根据武汉市新冠肺炎疫情防控指挥部的通知要求，武汉各方舱医院和医疗机构出院的患者，需要统一接受为期14天的康复隔离观察，隔离期满后经两次核酸检测，结果都为阴性且无新冠肺炎临床表现的，才能回家。今天上午9点，经过14天的隔离观察，武汉市最大的“康复驿站”湖北大学康复观察中心，有172名康复隔离人员结束了隔离观察。由湖北大学学生公寓改造成的康复隔离中心，是武汉市最大的康复驿站，可以入住1300人。目前这里住进了1076人，今天上午共有172名康复隔离人员结束了14天的隔离观察，他们将由社区派车依次有序地送回各自家中。想到即将回家，他们兴奋不已，纷纷向记者表露心声，“非常高兴，归心似箭，也有一点舍不得工作人员。”“出来一个多月了没有见到家人，也非常想念他们也想回家。今天早上6点钟就起来了，心情很激动。我们要感谢工作人员，他们也辛苦了，也希望他们保重。”“我昨天接到出站通知的时候，我恨不得想把医护人员抱一下。因为我非常感谢工作人员，这么多的朋友关心我。我能康复出站，真的很不容易的。”34岁的小左是新冠肺炎轻症患者，2月13号她住进了方舱医院。2月29号，小左治愈出舱后，作为第一批康复隔离人员入住湖北大学康复驿站。小左告诉记者，“我来到湖大康复驿站就像回到家一样的，这里有很多的爱满满的温暖。我们的康复群里，E栋栋长、志愿者，他们每天都会给我们带来很多的快乐，比如猜谜语、讲笑话，还给我们唱歌。”在康复驿站，康复隔离人员得到了无微不至的照顾，88人的医护团队每天对他们进行治疗、巡诊、心理疏导等，每人每天伙食标准为150元；文化生活方面，驿站制定了作息时间表、设置广播电台，并组织开展广场舞等活动。湖北大学康复驿站工作人员丁杰介绍，“我们也根据康复者的需求，提供了人性化的服务，有回民餐、素餐、低糖餐，我们还有面食，尽量让他们在这里吃得好。”离别时，康复驿站的医生和工作人员也给每人送上了一份小礼品作为纪念。湖北大学康复驿站副指挥长陈静说，“还是要注意有14天的居家隔离期，包括家人分餐，相对的保持距离。我们有出站告知书，他们都会很清晰明了的知道回家该怎么做。”
2020年03月15日,北京：16日起所有无症状入境进京人员原则上需集中观察14天，费用自理_荔枝网新闻,光明网,3月15日下午，在北京市新型冠状病毒肺炎疫情防控工作新闻发布会上，北京市人民政府副秘书长陈蓓表示，从3月16日零时起，所有无症状入境进京人员，原则上均应转送至集中观察点进行14天集中观察，费用自理。如有特殊情况的，经评估，可进行居家观察。陈蓓说，此次对境外进京人员防控政策做出调整，是根据境外疫情形势发展，适应新的变化作出的相应调整。世界卫生组织宣布疫情已具有全球大流行特征。境外输入已经成为本市疫情防控的主要风险，境外输入病例已经成为本市新增确诊病例的主体。有些入境人员抵京时并无症状，数日后才出现症状得到确诊。陈蓓表示，近期计划入境回京人员，请本人或家人提前与居住地社区沟通联系，提前咨询、报告有关情况，以便我们及时有效地做好相关服务保障工作。对于虚报信息，隐瞒病情，造成疫情传播的人员将依法依规追究责任，并纳入信用体系。
2020年03月15日, 战“疫”每日观察丨习近平主席连发慰问电：胸怀天下 凝心聚力 共创未来_荔枝网新闻,央视新闻,新冠肺炎疫情正在全球蔓延之时，习近平主席分别向韩国总统文在寅、伊朗总统鲁哈尼、意大利总统马塔雷拉、欧洲理事会主席米歇尔和欧盟委员会主席冯德莱恩发慰问电，表达中国政府和中国人民的诚挚慰问。trog慰问电展现出中国天下为公的大国胸怀。trog当前，中国疫情防控形势继续积极向好，取得阶段性重要成果。世界卫生组织总干事谭德塞日前在接受采访时表示，中国近期新冠肺炎病例数下降趋势明显，疫情局势实现逆转，病毒正在退却。这一成果应归功于中国政府的领导以及人民的配合。在巩固自身“战果”、继续开展防治工作的同时，中国关注到，疫情在全球蔓延形势严峻。截至北京时间3月15日0时，除中国外，136个国家和地区累计确诊超过6万例。其中，意大利确诊21157例，伊朗确诊12729例，韩国确诊8162例。谭德塞指出，欧洲报告的病例和死亡人数已超过除中国以外世界其他地区总和，欧洲现已成为疫情中心。习近平主席向中国之外疫情最严重的三个国家以及疫情的“震中”欧洲表达诚挚慰问，再次凸显在全球化时代，“世界各国是休戚与共的命运共同体”，新冠病毒是人类共同的敌人。慰问电明确表示愿与各方开展合作，携手应对，“早日战胜疫情”，这既是中国的大国担当，也是为正在经受考验的国家加油鼓劲。在慰问电中，“人民”一词高频出现。习近平主席提出，要“维护两国人民和世界人民生命安全和身体健康”，“共同护佑两国人民和世界各国人民的康宁”，“保护双方人民和世界各国人民生命安全和身体健康”。上述表述凸显人道主义关怀。疫情是对全人类生命安全和身体健康的重大威胁，也是对世界卫生事业的严重挑战。因此，中国始终秉持人类命运共同体理念，推动携手合作、共同战“疫”。trog慰问电也是中国呼吁各方凝心聚力的心声。trog中韩以实际行动证明，两国是守望相助、同舟共济的友好邻邦。在中国艰难抗击疫情之时，韩国向中国无偿捐赠口罩、防护服、护目镜等医疗防护物资，韩国企业纷纷慷慨解囊向中国捐款捐物。当前，中国与韩国加强物资互助，分享信息经验，开展联防联控合作。在中国抗击疫情的关键时刻，伊朗外长率先公开声援中方，伊方向中国提供了医疗物资援助。疫情在伊朗暴发以来，中国积极支援伊朗抗击疫情，提供了包括检测试剂盒在内的防控物资。在共同抗疫的过程中，心的距离在拉近。习近平主席说，“唯有团结协作才能应对各种全球性风险挑战”，“团结就是力量”。团结协作，不仅仅是“投桃报李”的温暖，更是全人类取得战役胜利的需要。对于中国来说，在当前境外疫情快速蔓延的背景下，帮助他国抗疫，有利于防止疫情从境外输入，服务国内抗疫大局。中国以身作则推动国际合作，希望各国充分利用中国争取来的“机会窗口”，尽早遏制病毒传播。世卫组织已宣布，新冠肺炎疫情“从特征上可称为大流行”。各国更应承担责任、加强协调、形成合力。此时，凝心聚力才是抗疫最强音，任何攻击抹黑和怨天尤人都尤为不合时宜。trog慰问电寄托了中国对与各方发展关系的期待。trog合作抗疫是中国与各方关系的重要篇章，也是开启未来更进一步合作的起点。习近平主席表达了中国的愿望：推动中韩战略合作伙伴关系迈向更高水平；中意传统友谊将更加坚固，合作内涵将更加丰富；深化中欧四大伙伴关系和全面战略伙伴关系，为世界和平、稳定、繁荣作出积极贡献。风雨同舟，命运与共，才有岁月静好，春暖花开。（文丨特约评论员苏晓晖）
2020年03月15日,3000多重症患者还在与死神惨烈搏斗 如何为他们赢得时间？_荔枝网新闻,央视新闻,迄今为止，人们尚未发现能够有效杀死新冠肺炎病毒的药物。奋战在一线的医护工作者们压力究竟有多大？他们如何才能抚慰那些正在经历煎熬的身心？《新闻调查》记者记录下这个非常时期，人们所付出的非凡努力。总会梦到同事没防护就进病房，晚上经常会焦虑地醒来。这是陈澍接受总台央视记者采访时的讲述。他是上海复旦大学附属华山医院的感染科医生，疫情暴发之后，他随上海医疗队驰援武汉，来到同济医院。至今，他已在同济医院光谷院区工作一个多月了。期间，他经历了初期的紧张和焦虑，见证了后来的有序，也收获了感动。trog完全是战时气氛感觉就是“打仗”trog对于刚刚接管这个病区时的情景，陈澍记忆犹新：“一来就是一种战时气氛，上上下下的感觉就是‘打仗’。当时感觉就是炮火连天的声音，我们要赶紧冲上去。”陈澍说，他把医护人员须做的防护流程写好后，同济的护士长马上把流程变成文档到处贴。之所以这样，陈澍表示，是因为这时候让大家完全掌握好培训不现实，“在这堵墙、这个角落做什么事？再走过去，这个地方要做什么事？我把它贴出来，不然的话记不住。”trog焦虑到做噩梦：同事没做好防护就进病房trog陈澍说，前几天他是没法睡觉的，晚上经常会焦虑地醒来。“半夜做梦一下子醒过来，梦里在抢救病人的病房里面，突然看到一个护士穿得严严实实的，像只大白熊，带了一只外科口罩，她没有带防护性的医用N95口罩，这是最危险的，必感染。我一下坐起来了，我说要死了，怎么会发生这样的事情？我一想是做梦，躺下再睡，再也睡不着了。”一个多月以后，在每天4至6小时一换班的工作频率中，一线的医护人员们早已熟知该如何进行严密的个人防护，他们也不再对这种疾病心生恐惧。trog没进病房时，人人都怕；一看到病人，就不怕了！trog“没进病房的时候，你说医务人员没有一点恐惧心，那是假话，人人都怕的。”陈澍说，没看到病人时，就会想象他们是传染源，想到万一感染上会怎样，当看到了这个人，就会觉得他是个很需要去照顾的、非常不幸的一个人、一个病人，感觉就会完全不一样。奋战持续一个多月，大家越干越拼命，陈澍甚至需要帮战友们“踩刹车”。陈澍说，看到这些年轻的孩子们，他有时候都会感动得掉眼泪。患者：我真的没想到我这个病引出了这么多状况。这两天非常想家。医生：想家是很正常的，我们每个人在这里被隔离的时候都会想的。患者：我出来有40多天了，在这里我今天是31天。我到现在都搞不明白，为什么就是我中招，我没想到我真的这么倒霉。上面的对话，是厦门援鄂医疗二队随队心理专家、厦门市精神卫生中心仙岳医院副院长丁丽君在给患者做心理疏导。对于很多患者来说，他们在度过了刚刚住院时短暂的情绪舒缓期后，就会呈现出各种心理问题。在国家卫健委发布的《新冠肺炎诊疗方案》试行第七版中明确提出：“患者常存在焦虑恐惧情绪，应加强心理疏导”。trog所有参与其中的人心理上多少都会受到影响trog丁丽君表示，新冠肺炎是一个非常大的公共卫生事件，给很多人心理造成冲击，所有参与其中的人，心理上都会或多或少受到影响。丁丽君表示，通常大家会以为住进医院了、有医护人员照料了，就可以把心放下来了，但实际情况要复杂得多，“这是我来之前没有预料到的。”据丁丽君介绍，在厦门援鄂医疗二队里，一共配备了12名精神专科医护人员，从接管病区时开始，他们每天都会安排一名精神科护士进入隔离病房，为患者提供必要的心理支持。trog您就放心吃好睡好病毒由我们打败trog华中科技大学同济医院光谷院区消化内科护士长胡兰介绍，当时来了一对老夫妻，他俩一定要住在同一个房间里。老奶奶显得很应激，给她做什么事情的时候，她说“你在干什么？你不要碰我，你不要摸我！”“她是怕我们医护人员传染给她。”丁丽君表示，这是病房里的患者非常非常普遍的一个现象，他会认为别人的病比他更重，怕别人再感染他。“这个期间，每一次他们说不动，我们的医疗队老师就不动，”胡兰说，医疗队会当着患者的面进行手消毒。为了安抚患者，减轻患者的心理负担，丁丽君让大后方设计了一款安心卡，安心卡上面写着：我们在来看您以前，已经充分消毒了，您就放心吃好睡好，病毒由我们打败。trog他若想让我们陪伴我们随时都可以trog由于新冠肺炎具有家庭聚集性感染的特点，还有一些重症患者的家人也在接受治疗或被隔离，甚至可能已因新冠肺炎去世。他们要面对的是生理和心理上双重的困境。”我们病房里就有一位患者，老伴也去世了，他非常悲伤，但他说他不想表露出来。”丁丽君说，医生做哀伤辅导取决于患者本身，他如果觉得说出来让他舒服一点，那就让他说，如果他觉得说了更伤心，就让他自己决定说还是不说。“我们总是在那里，他如果想让我们陪伴，我们随时都可以。”dt-rtio="1.7777777777777777"id="j_tx_video_cotier_0.9858764274655805"ifrmellow="utoly;fullcree"llowfullcree="true"frmeborder="0"height="380.8125"rc="htt:v.qq.comtxifrmelyer.htmlorigi=htt%3A%2F%2Fm.weixi.qq.com&m;chid=17&m;vid=w09341t0zbx&m;utoly=fle&m;full=true&m;how1080=fle&m;iDebugIfrme=fle"width="677"ifrme
2020年03月15日,世界卫生组织：全球新冠肺炎确诊病例累计已超15万例_荔枝网新闻,新华社,世界卫生组织15日说，全球新冠肺炎确诊病例累计已超15万例。
2020年03月15日,世界卫生组织15日说 全球新冠肺炎确诊病例累计已超15万例_荔枝网新闻,新华社,世界卫生组织15日说，全球新冠肺炎确诊病例累计已超15万例。
2020年03月15日,伊朗15日最新通报：新增新冠肺炎确诊病例1209例 累计确诊13938例_荔枝网新闻,央视新闻,根据伊朗卫生部最新消息，当地时间15日，伊朗新增新冠肺炎确诊病例1209例，新增死亡113例。截至当天中午，伊朗累计确诊新冠肺炎病例13938例，其中4590例康复，724例死亡。
2020年03月15日,西班牙宣布全国实施严格封闭措施 持续15天_荔枝网新闻,央视新闻,进入国家紧急状态的西班牙是目前欧洲地区新冠肺炎确诊病例数第二多的国家，累计确诊病例已超过6000例。西班牙首相桑切斯14日宣布，为遏制新冠肺炎疫情蔓延，西班牙即日起在全国范围内实施为期15天的严格封闭措施。
2020年03月15日,约旦新增6例新冠肺炎确诊病例 累计确诊7例_荔枝网新闻,央视新闻,【约旦新增6例新冠肺炎确诊病例累计确诊7例】当地时间15日，约旦卫生部宣布，约旦境内新增6例新冠肺炎确诊病例。其中，一位来自英国的约旦籍公民今日凌晨检测确诊感染新冠肺炎，四位为法国籍游客，还有一位约旦籍旅游工作者因接触美籍游客感染。据报道，相关部门已隔离所有接触人员。截至目前，约旦累计确诊7例新冠肺炎病例。
2020年03月15日,3月14日江苏无新增新型冠状病毒肺炎确诊病例  在院确诊病例“清零”_荔枝网新闻,江苏广电融媒体新闻中心,videocotrol=""durtio="0"fbl=""oter="htt:img.v.jtv.comimge202031520203151584271174699_383.jg"rc="htt:vod.v.jtv.com20200315JSTV_JSWS_1584268856243_JKV06k4_1911.m4"webkit-lyilie=""video2020年3月14日0-24时，江苏省无新增新型冠状病毒肺炎确诊病例，新增出院病例1例，目前在院确诊病例"清零"。截至3月14日24时，江苏省累计报告新型冠状病毒肺炎确诊病例631例。累计出院病例631例。目前，江苏省追踪到密切接触者12652人，已解除医学观察12634人，尚有18人正在接受医学观察。（江苏广电融媒体新闻中心记者郝朦报道）
2020年03月15日,巴林新增3例新冠肺炎确诊病例 累计确诊214例_荔枝网新闻,央视新闻,【巴林新增3例新冠肺炎确诊病例累计确诊214例】巴林卫生部当地时间15日下午公布的数字显示，巴林境内新增3例新冠肺炎确诊病例，截至目前，巴林境内累计已发现214例新冠肺炎确诊病例，60名患者已经痊愈出院。152名仍在医院接受治疗的患者中，两人病情较重，其余患者情况较为稳定。
2020年03月15日,15日广州新增1例境外输入新冠肺炎确诊病例_荔枝网新闻,荔枝新闻,trog荔枝新闻讯trog据广州卫健委消息，3月15日，广州市新增1例境外输入新冠肺炎确诊病例，患者从菲律宾经广州白云国际机场回国，随后被确诊。这是广州市首例境外输入病例。新增确诊病例有关情况：患者高某，男，50岁，黑龙江籍，在菲律宾工作，常居菲律宾。 3月13日20时10分，高某从菲律宾马尼拉抵达广州白云国际机场（航班号CZ398），海关部门为其采集咽拭子排查检测。22时45分高某乘网约车，于23时22分入住天河区珠江东路某公寓。 3月14日8时30分，广州海关报告高某咽拭子新冠病毒核酸阳性。当日，市疾控中心复核结果为阳性。3月14日12时30分，广州市第八人民医院将高某接入医院隔离观察。入院检查高某无咳嗽、气促等症状。3月15日高某出现了支气管肺炎症状，经专家会诊，确诊为新冠肺炎病例（轻型）。 截至3月15日，共甄别密切接触者32人，其中14人在我市，18人在外地。在广州市14名密切接触者中，均已集中隔离；在外地密切接触者18人，已由有关部门发函协查。 疾控部门对其住处等相关场所进行了终末消毒。
2020年03月15日,军队支援湖北医疗队运用ECMO成功救治新冠肺炎重症患者_荔枝网新闻,新华社解放军分社,新华社武汉3月15日电（记者贾启龙、黎云）15日下午，湖北省妇幼保健院光谷院区传出一条好消息：一名新冠肺炎危重患者，经过ECMO救治和综合治疗后病愈出院。患者章女士今年55岁，长期居住于武汉，因干咳、全身酸痛、发热、胸闷等症状到医院就诊，3月3日转至湖北省妇幼保健院光谷院区重症科。CT检查显示，患者肺部病变高达到95%以上。经专家会诊，当即进行了气管插管术，使用呼吸机支持治疗，但患者病情急剧恶化。3日晚，光谷医院决定运用ECMO救治章女士。据悉，光谷医院专门成立了救治组，配备2名医生、6名护士，24小时密切监护。通过一系列综合救治措施，章女士的肺部症状明显改善，3月9日顺利脱机，11日脱离呼吸机。“我们运用ECMO技术，成功救治了新冠肺炎重症患者。患者脱机后，通过巩固治疗，肺功能恢复较好，已基本接近正常人水平。”光谷院区ECMO团队负责人刘金成说。ECMO俗称“人工膜肺”，是一套医疗急救设备，相当于在人体外建立一个循环和呼吸的支持系统。使用ECMO，可代替患者部分甚至全部肺功能，从而赢得救治时间和机会。
2020年03月15日,香港新增4例新冠肺炎确诊病例 累计确诊145例_荔枝网新闻,央视新闻,3月15日，香港特区政府举行例行发布会，通报香港新冠肺炎疫情的最新变化。截至15日下午16点30分，香港新增4例新冠肺炎确诊病例，累计确诊病例达145例。
2020年03月15日,卢森堡新冠肺炎确诊病例上升至59例_荔枝网新闻,央视新闻,【卢森堡新冠肺炎确诊病例上升至59例】卢森堡卫生部门15日宣布，该国新冠肺炎确诊病例已上升到59例，死亡病例1例。此前，卢森堡已决定关闭国内所有学校两周，并禁止医院和养老院探视等。
2020年03月15日,马来西亚新增190例新冠肺炎确诊病例 为最大单日增幅_荔枝网新闻,海外网,【trog马来西亚新增190例新冠肺炎确诊病例为最大单日增幅trog】据《新海峡时报》报道，马来西亚新增190例新冠肺炎确诊病例，为最大单日增幅，累计确诊428例。（海外网）
2020年03月15日,菲律宾新增确诊病例29例 累计确诊140例 死亡11例_荔枝网新闻,荔枝新闻,trog【菲律宾新增确诊病例29例累计确诊140例死亡11例】trog当地时间3月15日下午，菲律宾卫生部发布消息称，截至15日中午12时，菲律宾全国范围内新增新冠肺炎确诊病例29例，累计140例。此外，新增3例死亡病例，分别为一名86岁的美国籍男性，一名40岁的菲律宾男性和一名64岁的菲律宾男性。累计死亡共11例。
2020年03月15日,最新！中国以外74225例，10个国家过千_荔枝网新闻,人民日报,
2020年03月15日,第一报道 | 习主席这5封慰问电，传递中国情谊，彰显大国担当_荔枝网新闻,新华社,新华社北京3月14日电 习近平主席日前就新冠肺炎疫情分别向欧洲理事会主席米歇尔和欧盟委员会主席冯德莱恩、韩国总统文在寅、伊朗总统鲁哈尼、意大利总统马塔雷拉致慰问电。当前，新冠肺炎疫情在全球持续蔓延，韩国、伊朗以及包括意大利在内的欧盟多国遭遇疫情防控的严峻挑战。在中国抗疫的关键时期，中国得到来自各方的宝贵支持。中华民族是懂得感恩的民族。在朋友遭遇挑战的困难时刻，习主席的慰问电传递守望相助、同舟共济的中国情谊，彰显携手抗疫、命运与共的大国担当。这5封慰问电的丰富意涵，“第一报道”为您梳理：阅读通稿，知道更多：trog习近平就新冠肺炎疫情向欧洲理事会主席米歇尔和欧盟委员会主席冯德莱恩致慰问电trog新华社北京3月14日电国家主席习近平3月13日致电欧洲理事会主席米歇尔和欧盟委员会主席冯德莱恩，就近期欧盟发生新冠肺炎疫情向欧盟及各成员国人民表示诚挚慰问。习近平在慰问电中强调，不久前欧盟及成员国以多种形式对中国疫情防控表达慰问和支持。团结就是力量。当前形势下，中方坚定支持欧方抗击疫情的努力，愿积极提供帮助，协助欧方早日战胜疫情。中方秉持人类命运共同体理念，愿同欧方在双边和国际层面加强协调合作，共同维护全球和地区公共卫生安全，保护双方人民和世界各国人民生命安全和身体健康。习近平强调，我高度重视中欧关系发展，愿同欧方一道努力，深化中欧四大伙伴关系和全面战略伙伴关系，为世界和平、稳定、繁荣作出积极贡献。trog习近平就韩国发生新冠肺炎疫情向韩国总统文在寅致慰问电trog新华社北京3月14日电国家主席习近平日前致电韩国总统文在寅，就近期韩国发生新冠肺炎疫情，代表中国政府和中国人民，向韩国政府和人民表示诚挚慰问。习近平在慰问电中强调，中韩是守望相助、同舟共济的友好邻邦。韩国政府和社会各界此前纷纷向中方抗击疫情表达关心慰问并提供大量帮助，文在寅总统特别强调中国的困难就是韩国的困难。习近平指出，疫情没有国界，世界各国是休戚与共的命运共同体，中国政府和中国人民对韩方目前遭受的疫情和困难感同身受。中方将继续提供力所能及的援助，支持韩方抗击疫情，愿同韩方携手合作，早日共同战胜疫情，维护两国人民和世界人民生命安全和身体健康。我高度重视中韩关系发展，愿同文在寅总统一道努力，推动中韩战略合作伙伴关系迈向更高水平，造福两国和两国人民。trog习近平就伊朗发生新冠肺炎疫情向伊朗总统鲁哈尼致慰问电trog新华社北京3月14日电国家主席习近平日前致电伊朗总统鲁哈尼，就近期伊朗发生新冠肺炎疫情，代表中国政府和中国人民，向伊朗政府和人民表示诚挚慰问。习近平在慰问电中强调，中伊是全面战略伙伴，两国人民传统友好。伊朗政府和人民为中国抗击疫情提供了真诚友善的支持和帮助。为帮助伊朗抗击疫情，中方向伊方提供了一批抗疫物资，派出了志愿卫生专家团队。中方愿同伊方加强抗疫合作，并继续向伊方提供力所能及的帮助。相信伊朗政府和人民一定能打赢这场疫情防控战。trog习近平就意大利发生新冠肺炎疫情向意大利总统马塔雷拉致慰问电trog新华社北京3月14日电国家主席习近平日前致电意大利总统马塔雷拉，就近期意大利发生新冠肺炎疫情，代表中国政府和中国人民，向意大利政府和人民表示诚挚慰问。习近平在慰问电中强调，相互支持、合作共赢始终是中意全面战略伙伴关系的主旋律。值此意方困难时刻，中国政府和人民坚定支持意方抗击疫情的努力，愿开展合作，提供帮助。习近平指出，人类是一个命运共同体，唯有团结协作才能应对各种全球性风险挑战。只要中意两国以及国际社会携手努力，就一定能够共克时艰，早日战胜疫情，共同护佑两国人民和世界各国人民的康宁。今年是中意建交50周年，我相信在携手应对疫情的努力中，中意传统友谊将更加坚固，合作内涵将更加丰富。（记者：陈杉、郝薇薇；制图：陈杉；编辑：钱泳文、刘阳）
2020年03月15日,刚果（布）确诊首例新冠肺炎病例_荔枝网新闻,央视新闻,当地时间3月14日夜间，刚果（布）政府发言人蒂埃里·蒙加拉通过刚果国家电视台宣布，该国确诊首例新冠肺炎病例。该确诊患者为一名50岁刚果（布）男性，3月1日从巴黎乘坐埃塞俄比亚航空ET861次航班返回。该男子出现症状后于14日通知卫生部门，当天即被确诊并隔离治疗，目前情况稳定。其家庭成员中的妻子（法国籍）、6岁女儿都已接受隔离观察。政府目前正在追踪其抵达刚果（布）后的行动轨迹和密切接触者。
2020年03月15日,新增确诊113例!意大利累计确诊21270例死亡1441人_荔枝网新闻,海外网,【海外网3月15日】据欧联网援引欧联通讯社报道，根据意大利紧急民防部、新冠肺炎疫情新闻中心通报，截至到当地时间15日零时，意大利全国新冠肺炎确诊患者已增至21270人，较此前发布的数据上升113例。现存病例为17863例，重症患者1518人。其中治愈患者1966人，累计死亡1441人。据报道，意大利新冠肺炎疫情新闻中心资料显示，北部伦巴第大区是意大利疫情最严重的地区。截止到目前，该大区确诊患者人数为11685人，其中重症患者732人，治愈患者1660人，死亡966人。位于伦巴第大区米兰市东北方40公里的贝加莫市，是意大利新冠肺炎疫情目前最严重的市镇。这个仅有12万人口的城市，迄今为止，确诊患者已经达到2864人。意大利安莎社报道指出，最近几天，贝加莫因医院和公墓的太平间已无处装殓逝者的遗体。著名的小提琴发源地克雷莫纳市，以及瓦雷泽省马焦雷市等城市同样也存在类似问题。在米兰，民政部门额外安排了100个停尸房，并改变了通常太平间的使用规则，要求逝者家属在5天内必须安排好墓地，并将逝者的遗体移出太平间，直接下葬或安排火化。报道强调，受新冠肺炎疫情影响，家属无法为逝者举办葬礼。目前，逝者下葬均有身穿防护服的殡葬服务机构员工负责，亲属只能远距离地看着自己的亲人下葬，而不能靠近。
2020年03月15日,国务院联防联控机制印发《因新冠肺炎疫情影响造成监护缺失儿童救助保护工作方案》_荔枝网新闻,新华社,3月14日，国务院联防联控机制印发《因新冠肺炎疫情影响造成监护缺失儿童救助保护工作方案》（以下简称《方案》），对进一步做好因新冠肺炎疫情影响造成监护缺失儿童（以下简称监护缺失儿童）救助保护工作作出部署安排。《方案》明确，监护缺失儿童包括父母或其他监护人确认感染、疑似感染或需隔离观察，父母或其他监护人因防疫抗疫工作需要以及其他因疫情影响不能完全履行抚养义务和监护职责的儿童。《方案》要求，各地发现儿童监护缺失的，要及时报告。乡镇人民政府（街道办事处）要统筹儿童督导员、儿童主任、基层妇联执委、社区工作者、社会工作者等力量，结合疫情防控排查，对各村（社区）儿童监护情况进行全面摸底。卫生健康部门、医疗机构对确诊收治或需集中隔离医学观察的对象，首先询问其监护对象情况，存在儿童监护缺失情形的要及时向其所在村（居）民委员会、工作单位或同级民政部门通报。父母或其他监护人因疫情影响暂时不能履行监护职责的，要第一时间主动报告。各地要开通儿童救助保护热线、发挥“12338”妇女维权热线作用。其他个人或组织发现儿童监护缺失的，要及时向儿童实际居住地村（居）民委员会、乡镇人民政府（街道办事处）报告。《方案》要求，各地要分类施策，落实监护照料措施。对没有监护人的儿童，由村（居）民委员会临时照料，确有困难的，由县级民政部门承担临时监护责任。监护缺失儿童有疫情接触史的，要安置到当地定点医疗机构检测，对确诊或疑似病例，要优先安置到定点医疗机构就诊救治。对委托监护、指定由专人照料的儿童，要实行包干到人，对儿童照料情况进行家访或电话跟踪。父母或其他监护人治愈出院或结束隔离后，要在提供当地医疗卫生机构出具的出院证明或相关健康医学证明的前提下，及时将儿童接回照料。《方案》要求，各地要加强对困难儿童及家庭救助帮扶。在疫情防控期间，凡是符合孤儿或事实无人抚养儿童认定条件的监护缺失儿童，要及时将其纳入相应保障范围。对因疫情影响导致生活陷入困难的儿童及家庭，要按照规定及时给予临时救助或落实低保等社会救助政策。卫生健康部门要指导医疗机构开通儿童医疗救治绿色通道，确保确诊或疑似感染儿童第一时间送定点医疗机构接受治疗。教育部门和学校要加强监护缺失适龄儿童居家学习指导与服务，确保“停课不停学”。未成年人救助保护机构要积极主动参与监护缺失儿童的线索响应、临时照料、服务转介、个案跟踪、资源链接等服务。《方案》强调，各地要把监护缺失儿童救助保护工作纳入重要工作内容，完善工作方案，细化制度措施，加强组织保障，强化资金保障，加大政府购买服务力度，切实加强监护缺失儿童救助保护工作，确保不发生冲击社会道德底线的事件。
2020年03月15日,直通武汉｜仅留最后十家定点医院！每一例康复都是振奋人心的力量_荔枝网新闻,荔枝新闻,武汉的防疫形势逐渐好转，不少原先收治新冠肺炎患者的定点医院，已经恢复了正常的医疗服务，目前仅留了十家定点医院集中进行收治，华中科技大学同济医院光谷院区便是其中之一。江苏援武汉医疗队从元宵节开始就接管了这里的重症病区，目前救治的情况怎么样了呢？据前方医务人员介绍，江苏医疗队从接手重症病区到现在，最多的时候病房一共有52个病人，所有医护人员都是满负荷运转。但在大家的共同努力下，越来越多的重症病人健康地从这里走了出去，新进来的病人也是从其他医院转来，大多处于正在康复的状态。江苏省援湖北医疗队队员、南京市第一医院重症医学科副主任施乾坤介绍：“累计到3月14号，我们总共收治了83位病人，其中有78位病人属于重症，5位病人属于危重症，累计到现在我们出院病人已经达到了43人，后续还有一些病人在逐渐康复中达到出院标准。”随着病人陆续好转出院，同济医院光谷院区对病人的管理也更加精细化，尤其对于重症和危重症的病人，提高治疗效率，降低病死率，再加上江苏医疗队科学合理的治疗方法，医务人员们相信很快就能战胜疫情。  施乾坤副主任告诉记者，每一例重症病例的成功救治，都是对医疗队士气的极大鼓舞。“前不久有一例危重症的新冠肺炎病人，当时来的时候已经呼吸衰竭，缺氧症状很重。我们经过7天7夜的鏖战，在第7天的时候，顺利拔除了患者嘴巴里的气管插管。相信通过我们大家的努力，一定能够让疫情尽快结束。”（来源：《零距离》记者王华素编辑韩瑜）
2020年03月15日,乌兹别克斯坦确诊首例新冠肺炎病例_荔枝网新闻,新华社,【乌兹别克斯坦确诊首例新冠肺炎病例】乌兹别克斯坦卫生部门15日证实，该国确诊首例新冠肺炎病例。据乌卫生和流行病学署介绍，首名确诊患者为一名从法国返回的乌兹别克斯坦公民。目前乌卫生部门已查明与这名患者有过接触的人，并对他们进行隔离观察。自3月14日起，乌兹别克斯坦暂时禁止部分疫情严重国家的公民入境。
2020年03月15日,印尼新增21名新冠肺炎确诊患者 累计确诊117例_荔枝网新闻,央视新闻,【印尼新增21名新冠肺炎确诊患者累计确诊117例】印尼卫生部3月15日确定，又有21名印尼人新冠肺炎检测呈阳性，政府发言人在总统府说：新增的21人当中，有9人是雅加达人，2人是中爪哇人。截至目前，印尼累计新冠肺炎确诊病例117例。
2020年03月15日,澳大利亚加大抗疫力度 所有入境人员隔离14天_荔枝网新闻,中国新闻网,trog(抗击新冠肺炎)澳大利亚加大抗疫力度所有入境人员隔离14天trog中新社悉尼3月15日电从15日午夜起，所有到达澳大利亚的国际旅客须进行自我隔离14天。同时，澳大利亚在之后的30天禁止国际邮轮靠港。在新冠病毒感染病例不断上升的情况下，澳大利亚总理斯科特·莫里森15日宣布上述决定。这是继取消500人以上大型集会后澳政府出台的又一新政策，目的是防控持续扩大的疫情。截至记者发稿时，澳大利亚确诊感染新冠病毒病例已达281例。截至上午11时，新南威尔士州新增22例，总数达134例。由于疫情的扩大，澳大利亚的文化旅游产业也遭受巨大影响。在原定于墨尔本举行的一级方程式大赛(F1)以及悉尼传统庆祝节日皇家复活节秀相继取消之后，一年一度的悉尼灯光音乐节(VividSydey)也宣布取消。这项活动在2019年共有240万人参加，并为澳大利亚带来1.72亿澳元的收入。“这是一个艰难的决定，会让旅游业现状雪上加霜。然而我们必须遵从澳大利亚医学专家的建议并保证所有人的安全。”新南威尔士州旅游部长斯图尔特·埃尔斯说。莫里森还对抗疫给出建议：“我们鼓励推广‘社交距离’措施，建议与他人保持距离，并且不要握手。”他并表示，未来会有更多的限制措施。我们的工作就是将疫情的传播速度尽可能降低。(完)
2020年03月15日,无锡：严防境外输入 旅游大巴24小时待命跨城转运_荔枝网新闻,我苏网,当前，新冠肺炎疫情在全球呈蔓延扩散态势，为阻止疫情跨国传播，无锡市对来自疫情较严重国家和地区的旅客，入境后采取检验检疫和防控措施。而在这当中，无锡客运旗下的旅游大巴承担起跨城转运的特殊任务，每天奔走在昆山和无锡之间。昨晚，无锡用中英日韩四种语言发布《致从上海入境来（返）无锡人员告知书》。根据告知书内容，经上海浦东机场和虹桥机场入境江苏的一部分特殊旅客，会由统一车辆接至昆山市花桥国际博览中心，然后再由无锡市涉外疫情防控昆山工作组统一安排车辆送至无锡服务点。转运车配备的驾驶员都是经验丰富的老司机，从接到任务开始，他们便24小时待命，吃和住都在统一的酒店，平时不得外出。昆山至无锡的路程大概一个半小时，每完成一次转运任务，驾驶员还需驾车至安镇进行全车规范消毒。目前，无锡客运已打通所有转运环节，不仅承担跨城转运，还同时负责梁溪区、锡山区和经开区的城内转运工作。告知书中特别强调，被转运人员抵达目的地后，须严格遵守疫情防控的相关规定，配合政府要求做好隔离防控。拒不配合或故意隐瞒旅行史、相关病例接触史及病情情况，造成疫情扩散，危害公共安全的，将依法追究刑事责任。（来源：江苏城市频道范涤青）
2020年03月15日,阿富汗新增5例新冠肺炎确诊病例 中国驻阿使馆协调对阿物资援助_荔枝网新闻,央视新闻,当地时间15日，阿富汗公共卫生部报道，阿新增5例新冠肺炎确诊病例。其中4人来自赫拉特省，1人来自代孔迪省。阿累计新冠肺炎感染者达16人。目前阿富汗政府已宣布，将向公共卫生部拨款2500万美元用于防控新冠肺炎，并向公众提供5万套检测试剂盒。此外，中国驻阿富汗大使馆正在协调对阿物资援助，并表示中国将与阿富汗展开医疗合作，共同防控新冠肺炎。
2020年03月15日,苏州博物馆、苏州图书馆等文化场馆16日起恢复开放_荔枝网新闻,引力播,3月14日，苏州市文广旅局印发《新冠肺炎疫情防控期间苏州市文化广电和旅游行业逐步有序复工开放指南》，以稳妥有序推进全市文化广电和旅游行业的企事业单位复工开放。指南从明天（3月16日）起开始实施，这意味着苏城文化场馆将陆续恢复开放，其中苏州市首批恢复开放的公共文化服务单位共41家，包括苏州博物馆、苏州图书馆等。据了解，该指南适用于公共文化场所、星级饭店、广播电视机构、考古保护工程。电影院、录像厅、游艺厅、网吧、线下文化培训机构等密闭空间暂不复工开放；公共文化和旅游场所内部容易形成人员集聚的空间和项目暂不开放。根据指南要求，各相关单位需遵照市、区疫情防控指挥部有关要求，落实各项疫情防控措施，并根据“一地一策”“一场所一方案”原则细化工作方案，确保疫情期间安全有序运营和开放。指南对场馆开放项目、入场人数均作出限制。所有顾客（市民、游客）须戴口罩、持“苏城码”绿码，配合体温检测并登记后方可进入；对持红码和黄码者，或出现发热、咳嗽等症状的，应禁止进入并按疫情防控要求处置。公共文化场所和旅游咨询中心实施服务对象错时、分批入场（馆）措施，并严格限制每日人数，控制瞬时观众流量。过渡期内，公共图书馆、文化馆（站）、基层综合性文化服务中心的馆舍，日接待量不超过最大承载人数的50%，瞬间流量不超过最大流量的20%。人与人之间保持1.5米以上的安全距离（需就坐的安排单桌隔桌就座）。疫情防控期间，各文博场所不接待团队预约和参观，各类博物馆暂停人工讲解服务，鼓励挂钟通过线上平台（如官网、微信公众号等）获取相关信息，采用电子支付方式购票、购物，推荐使用线上语音自助讲解。星级饭店需对所有进店宾客在大堂内完成测温和检验“苏城码”，对住宿客人至少每日测温1次并登记。各场馆需通过线上、线下等多渠道及时做好公告公示工作，明确开放时间、开放区域、服务项目、预约方式、顾客须知及疫情防控措施等内容。为保障疫情防控工作落实到位，指南对场馆的内部消毒、通风情况、工作人员健康状况等各项管理工作均作出了详细规定，确保各项疫情防控措施严格落实到位。指南对公共空间、服务设备的消杀工作都作出了明确要求，对电子触摸屏等公共设备每天严格消毒，为服务对象提供的设备与物品做到“一客一消毒”，各级图书馆对回收书籍统一消毒。垃圾桶（箱）实行“一日两清理两消毒”，增设废弃口罩回收专用桶（箱）。苏州市今天首批恢复开放的公共文化服务单位共41家，分别为苏州博物馆、中国昆曲博物馆、中国苏州评弹博物馆、苏州丝绸博物馆、苏州刺绣博物馆、苏州中医药博物馆、苏州苏帮菜餐饮文化博物馆、常熟博物馆、吴江博物馆、柳亚子纪念馆、江悦古代木雕造像艺术博物馆、苏州巧生炉博物馆、沙家浜革命历史纪念馆、翁同龢纪念馆、苏州图书馆、苏州第二图书馆、苏州市公共文化中心（含苏州市文化馆、苏州美术馆、苏州市名人馆）、颜文樑纪念馆、吴作人艺术馆、苏州版画院、杭鸣时粉画艺术馆、张家港市图书馆、张家港市文化馆、常熟市图书馆、常熟市文化馆、太仓市图书馆、太仓市文化馆、昆山市图书馆、昆山市文化馆、吴江区图书馆、吴江区公共文化艺术中心、吴中区图书馆、吴中区文化馆、相城区图书馆、相城区文化馆、姑苏区文化馆、姑苏区图书馆、工业园区公共文化中心（图书馆）、工业园区公共文化中心（文化馆）、高新区图书馆、高新区文化馆。疫情防控期间，每日具体开放时间、开放区域等以现场公告为准。另据了解，苏州博物馆需预约入馆，观众可从苏州博物馆官网或官微进入预约通道，或在文化苏州云微信公众号菜单栏“场馆预约-博物馆预约”进行预约。苏州图书馆、苏州第二图书馆入馆采取实名制预约。线上预约可登录苏州图书馆官网、苏州图书馆微信公众号预约。线下预约的读者凭“苏城码”绿码或身份证在入口处登记信息（姓名、身份证号、联系电话、家庭住址、工作单位）进行预约。苏州市公共文化中心也需预约入馆，观众可通过苏州市公共文化中心官网、官微或苏州旅游总入口、文化苏州云等进行预约。（来源：引力播编辑方媛）
2020年03月15日,苏州博物馆、苏州图书馆等文化场馆16日起恢复开放_荔枝网新闻,引力播,3月14日，苏州市文广旅局印发《新冠肺炎疫情防控期间苏州市文化广电和旅游行业逐步有序复工开放指南》，以稳妥有序推进全市文化广电和旅游行业的企事业单位复工开放。指南从明天（3月16日）起开始实施，这意味着苏城文化场馆将陆续恢复开放，其中苏州市首批恢复开放的公共文化服务单位共41家，包括苏州博物馆、苏州图书馆等。据了解，该指南适用于公共文化场所、星级饭店、广播电视机构、考古保护工程。电影院、录像厅、游艺厅、网吧、线下文化培训机构等密闭空间暂不复工开放；公共文化和旅游场所内部容易形成人员集聚的空间和项目暂不开放。根据指南要求，各相关单位需遵照市、区疫情防控指挥部有关要求，落实各项疫情防控措施，并根据“一地一策”“一场所一方案”原则细化工作方案，确保疫情期间安全有序运营和开放。指南对场馆开放项目、入场人数均作出限制。所有顾客（市民、游客）须戴口罩、持“苏城码”绿码，配合体温检测并登记后方可进入；对持红码和黄码者，或出现发热、咳嗽等症状的，应禁止进入并按疫情防控要求处置。公共文化场所和旅游咨询中心实施服务对象错时、分批入场（馆）措施，并严格限制每日人数，控制瞬时观众流量。过渡期内，公共图书馆、文化馆（站）、基层综合性文化服务中心的馆舍，日接待量不超过最大承载人数的50%，瞬间流量不超过最大流量的20%。人与人之间保持1.5米以上的安全距离（需就坐的安排单桌隔桌就座）。疫情防控期间，各文博场所不接待团队预约和参观，各类博物馆暂停人工讲解服务，鼓励挂钟通过线上平台（如官网、微信公众号等）获取相关信息，采用电子支付方式购票、购物，推荐使用线上语音自助讲解。星级饭店需对所有进店宾客在大堂内完成测温和检验“苏城码”，对住宿客人至少每日测温1次并登记。各场馆需通过线上、线下等多渠道及时做好公告公示工作，明确开放时间、开放区域、服务项目、预约方式、顾客须知及疫情防控措施等内容。为保障疫情防控工作落实到位，指南对场馆的内部消毒、通风情况、工作人员健康状况等各项管理工作均作出了详细规定，确保各项疫情防控措施严格落实到位。指南对公共空间、服务设备的消杀工作都作出了明确要求，对电子触摸屏等公共设备每天严格消毒，为服务对象提供的设备与物品做到“一客一消毒”，各级图书馆对回收书籍统一消毒。垃圾桶（箱）实行“一日两清理两消毒”，增设废弃口罩回收专用桶（箱）。苏州市今天首批恢复开放的公共文化服务单位共41家，分别为苏州博物馆、中国昆曲博物馆、中国苏州评弹博物馆、苏州丝绸博物馆、苏州刺绣博物馆、苏州中医药博物馆、苏州苏帮菜餐饮文化博物馆、常熟博物馆、吴江博物馆、柳亚子纪念馆、江悦古代木雕造像艺术博物馆、苏州巧生炉博物馆、沙家浜革命历史纪念馆、翁同龢纪念馆、苏州图书馆、苏州第二图书馆、苏州市公共文化中心（含苏州市文化馆、苏州美术馆、苏州市名人馆）、颜文樑纪念馆、吴作人艺术馆、苏州版画院、杭鸣时粉画艺术馆、张家港市图书馆、张家港市文化馆、常熟市图书馆、常熟市文化馆、太仓市图书馆、太仓市文化馆、昆山市图书馆、昆山市文化馆、吴江区图书馆、吴江区公共文化艺术中心、吴中区图书馆、吴中区文化馆、相城区图书馆、相城区文化馆、姑苏区文化馆、姑苏区图书馆、工业园区公共文化中心（图书馆）、工业园区公共文化中心（文化馆）、高新区图书馆、高新区文化馆。疫情防控期间，每日具体开放时间、开放区域等以现场公告为准。另据了解，苏州博物馆需预约入馆，观众可从苏州博物馆官网或官微进入预约通道，或在文化苏州云微信公众号菜单栏“场馆预约-博物馆预约”进行预约。苏州图书馆、苏州第二图书馆入馆采取实名制预约。线上预约可登录苏州图书馆官网、苏州图书馆微信公众号预约。线下预约的读者凭“苏城码”绿码或身份证在入口处登记信息（姓名、身份证号、联系电话、家庭住址、工作单位）进行预约。苏州市公共文化中心也需预约入馆，观众可通过苏州市公共文化中心官网、官微或苏州旅游总入口、文化苏州云等进行预约。（来源：引力播编辑方媛）
2020年03月15日,泰国新增32例新冠肺炎确诊病例 累计确诊114例_荔枝网新闻,央视新闻,15日，泰国卫生部在每日疫情发布会上透露，泰国新增32例新冠肺炎确诊病例。截止到当地时间15日下午，泰国累计确诊病例114例。其中1例死亡、35例治愈、78例正留院治疗。
2020年03月15日,马尔代夫新增1例新冠肺炎确诊病例 政府采取更多抗疫措施_荔枝网新闻,央视新闻,当地时间15日上午，马尔代夫健康保护署（HelthProtectioAgecy）称，在该国的一名外国公民新冠病毒检测结果呈阳性，患者已被隔离。截至目前，马尔代夫境内新冠肺炎累计确诊病例11例。继12日马尔代夫宣布进入为期30天的“公共卫生紧急状态”后，14日晚，马尔代夫宣布采取更多抗疫措施，马国内的大学等教学机构暂停一切活动，度假岛屿上的人员暂时不被允许离开，首都马累的宾馆不再接受游客入住等。
2020年03月15日,上海：境外输入病例未参加基本医保，费用原则上患者负担_荔枝网新闻,央视新闻,今天（15日）下午，上海市召开新冠肺炎疫情防控新闻发布会，对公众关心的境外回国人员新冠肺炎输入病例医疗费用支付问题，将有关政策进行了明确。一、境外回国人员输入病例中参加基本医疗保险的人员，在基本医保、大病保险、医疗救助等按规定支付医疗费用后，个人负担部分财政给予补助。二、境外回国人员输入病例中未参加基本医疗保险的人员，医疗费用原则上由患者个人负担。参加了商业健康保险的人员，由商业保险公司按合同支付。对于境外回国人员输入病例中未参加基本医疗保险、确有困难的人员，经认定符合条件的，可按照法律法规给予医疗救助。下一步，将与国家政策做好衔接。2月7日，上海市人大常委会通过《上海市人民代表大会常务委员会关于全力做好当前新型冠状病毒感染肺炎疫情防控工作的决定》，决定第11条规定，个人有隐瞒病史、重点地区旅行史、与患者或疑似患者接触史、逃避隔离医学观察等行为，除依法严格追究相应责任外，还应按照相关规定，将其失信信息向上海市公共信用信息平台归集，并依法采取惩戒措施。
2020年03月15日,捷克从中国订购新冠病毒快速检测盒_荔枝网新闻,新华网,捷克总理巴比什14日说，捷克已从中国订购一批新冠病毒快速检测盒等物资，计划15日由专机运回。截至14日晚，捷克新冠肺炎确诊病例达189例。巴比什在出席捷克工贸部一场会议后说，捷克本国医疗设备生产能力有限，希望通过全球采购来应对当前的新冠肺炎疫情。中国驻捷克大使张建敏表示，中国发生新冠肺炎疫情以来，捷克社会各界纷纷向中国表示关心、慰问、支持。近日，疫情在捷克发生并呈上升趋势。中国愿意根据捷克需要，提供力所能及的帮助。他表示，中国愿派专家参加维谢格拉德集团卫生部长会议，分享抗疫信息，交流防控经验。捷克政府已经宣布全国进入紧急状态，禁止30人以上的聚集性活动，关闭体育、娱乐、文化等公共设施，并加强边境管控。14日凌晨，捷克再推新规，要求一大批商店关闭，但食品店、药店及加油站等还可营业，这项政策将持续至少10天。
2020年03月15日,台湾新增6例新冠肺炎确诊病例 创下单日新增新高_荔枝网新闻,海外网,据台湾“中央社”15日报道，台湾地区单日新增6例新冠肺炎确诊病例，6人全为境外移入。包含曾到泰国、日本北海道、埃及、土耳其、西班牙、希腊等，创下单日新增新高。
2020年03月15日,广州全市旅行社暂停营业引发大量涉疫投诉_荔枝网新闻,中国新闻网,中新网广州3月15日电(记者程景伟)广州市文化广电旅游局15日通报，今年以来特别是新冠肺炎疫情发生后，广州全市旅行社及在线旅游企业暂停经营团队旅游及“机票+酒店”旅游产品，由此引发大量涉及疫情的旅游投诉，该局多举措依法妥善加快处置该类投诉。据介绍，广州市文化广电旅游局成立疫情防控期间旅游纠纷处理专项领导小组，全市各区旅游投诉受理机构成立联合专班，建立旅游投诉日报告制度，对涉疫旅游投诉全程跟踪掌握，稳妥处置。该局联合广州市中级人民法院在全国率先出台《关于妥善处理新冠肺炎疫情防控期间旅游投诉、诉讼的通知》，及时明确1月24日以后因新冠肺炎疫情导致游客和旅行社旅游合同无法履行或无法继续履行的情形为“不可抗力”。按照《中华人民共和国旅游法》和《旅游投诉处理办法》，游客和旅行社可以通过依法协商变更、解除旅游合同，调解不成的，旅游者可以按照国家法律法规规定，向仲裁机构申请仲裁或者向法院提起诉讼，通过司法途径解决，依法维护自身合法权益。同时，该局推动广州市各区建立旅游纠纷诉调联合工作机制，形成司法审判和旅游行政调解有机衔接的机制；倡导旅行社制定多套方案化解退费纠纷；指导旅游企业制定短期、中期、长期等多种合同变更方案，供旅游者选择，尽量降低旅游企业与旅游者双方的损失。该局称，接下来将加强分类指导，依法、合理、妥善处置涉疫旅游纠纷；持续开展旅游市场专项整治，严厉打击“虚假旅游广告”“不合理低价游”“非法经营港澳游”等违法违规行为，进一步规范旅游市场经营秩序，健全旅游行业信用奖惩联动机制。(完)
2020年03月15日,北京首都国际机场：全部国际及来自港澳台地区进港航班均停靠处置专区_荔枝网新闻,中国新闻网,trog(抗击新冠肺炎)北京首都国际机场：全部国际及来自港澳台地区进港航班均停靠处置专区trog中新社北京3月15日电(记者周音)记者从北京首都国际机场(下称，首都机场)获悉，3月15日起，首都机场全部国际及来自港澳台地区进港航班，均停靠首都机场处置专区。具体为，旅客经由海关进行测温等检疫排查，边检办理入境手续，非中转旅客在专属休息区等候摆渡车前往新国展旅客接驳区；中转旅客在办理完中转手续后，再前往专属休息区候机。转乘当日出港航班的中转旅客，在处置专区办理中转手续后，会有专用车辆直接将旅客送至后续航班登机。转乘次日出港航班的中转旅客，进港当日统一由“北京市社区防控组”将旅客送至新国展接驳区，交由各相关省、自治区、直辖市驻京办事处；次日各相关省、自治区、直辖市驻京办事处将旅客送至航站楼指定柜台，并安排专人引导旅客完成登机流程。如旅客未能成行，将有工作人员将旅客交还相应驻京办。3月13日起，北京大兴国际机场国际进港航班全部转到首都机场运行。
2020年03月15日,拉美新冠肺炎疫情加剧 多国继续强化防控_荔枝网新闻,新华网,综合新华社驻拉美地区记者报道：拉美地区14日新冠肺炎确诊病例继续增加，多国正进一步强化各项防控措施。哥斯达黎加卫生部14日宣布新增1例确诊病例，累计达27例。哥总统阿尔瓦拉多当天公布了一系列经济扶持措施，以减少疫情对该国经济的冲击。秘鲁政府14日决定，将暂时取消65种药品和医疗用品的进口关税，有效期为90天。秘鲁68个监狱在30天内禁止探监，以避免新冠肺炎在狱中传播。截至记者发稿时，秘鲁累计确诊病例增至43例。哥伦比亚卫生和社会保障部14日说，新增8例确诊病例，累计达24例。哥政府13日晚紧急发布多项边检措施，如禁止一些地区的外国人入境等。哥伦比亚移民局14日表示，两名西班牙公民和两名法国公民入境后未按要求隔离，将被驱逐出境。13日，一名西班牙公民因违反隔离规定被哥伦比亚驱逐出境。巴拿马卫生部14日表示，确诊病例增至43例。巴拿马政府已建立全国新冠肺炎诊断网络，以便出现症状和有确诊病例接触史的人尽早接受检测。墨西哥卫生部14日宣布，新冠肺炎病例增至41例。墨西哥政府当天表示，超过3000万名学生将于3月21日至4月20日期间放假，学校将加强远程教育、校园消毒等措施。智利卫生部14日说，该国新冠肺炎疫情进入社区传播阶段，确诊病例增至61例，新增18例。卫生部表示，已对一些国家的旅客实施入境隔离措施，并建议公众在人员聚集场所、尤其地铁内全程佩戴口罩。巴西卫生部14日宣布新增23例确诊病例，累计达121例。巴西基础设施部表示，巴西约50%的国际航班和30%的国内航班已取消，预计还会继续取消一些航班。据古巴卫生部14日统计，古巴已连续两天未出现新增确诊病例，累计确诊病例4例。古巴政府当天表示，将在未来几天向每个家庭发放消毒液。此外，阿根廷、厄瓜多尔、委内瑞拉、乌拉圭14日表示，本国累计确诊病例分别达45例、28例、10例、6例。
2020年03月15日,挪威首相：将寻求从中国进口医疗物资_荔枝网新闻,环球网,英国路透社14日消息称，挪威首相埃尔娜·索尔贝格当日晚间召开新闻发布会称，为防止新冠肺炎疫情进一步扩散，挪威将从当地时间16日起关闭机场和港口，并强化边境管理。同时，挪威政府将寻求从中国进口医疗物资。报道称，索尔贝格在14日的新闻发布会上表示：“我们已经决定关闭我们的机场和港口，强化边境管控。”但即将暂停的只是客运，国际货运并不受影响。此外，挪威将加强其陆上边境的管控，但与瑞典的边境不会关闭。索尔贝格还在发布会上表示，挪威政府将寻求从中国进口医疗物资。截至当地时间14日，挪威官方公布的新冠肺炎确诊病例已累计达到约950例。
2020年03月15日,联合研究发现：儿童新冠病毒感染在疫情初期已发生_荔枝网新闻,武汉大学新闻网,新闻网综合消息3月12日，武汉大学蓝柯、刘映乐，复旦大学余宏杰联合华中科技大学同济医院孙自镛等研究人员在顶级学术期刊《新英格兰医学杂志》上发表论文，对武汉市2020年1月早期儿童新冠病毒感染情况分析发现，在疫情初期，儿童新冠病毒感染业已发生。由于新病例的迅速增加，2019年冠状病毒病（COVID-19）很快引起了全球关注。新型冠状病毒感染被认为是从动物传播的，到2020年1月，怀疑最初受感染的患者是通过人与人之间的传播感染了该病毒。自2020年1月以来，covid-19种病毒已经升级，该病毒已迅速传播到中国大部分地区和其他国家。截至2020年3月9日，中国报告了80735例确诊的COVID-19和3119例死亡人数。这些数字每天都会更新，而且预计还会进一步增加。先前的研究表明，COVID-19更可能感染成年男性，尤其是那些患有慢性合并症的成年男性，很少有儿童感染的报道。论文题为 “DetectioofCovid-19iChildreiErlyJury2020iWuh,Chi”，研究包括从2020年1月7日至1月15日的共366名住院儿童（≤16岁），该研究得到同济医院伦理委员会的批准。在366名儿童中，最常见的病原体是甲型流感病毒（占23例[6.3％]）和乙型流感病毒（占20例[5.5％]）。在6例患者中（1.6％）检测到了导致Covid-19的病毒SARS-CoV-2。从Covid-19患者的父母或监护人那里获得了知情同意，以公布其临床数据。6名Covid-19患者的发病日期在2020年1月2日至1月8日之间，并且患者在1月7日至1月13日之间住院。这项研究表明，在SARS-CoV-2爆发的早期，Covid-19发生在儿童中，引起中度至重度呼吸系统疾病，与一名患者的ICU入院有关。患者或家属均没有直接接触过华南海鲜批发市场或彼此直接接触过。该研究尚未确定该患者的感染源。研究结果表明，儿童SARS-CoV-2感染是在流行的早期发生的。另外，2月14日，武汉大学张志将团队在国际顶级医学期刊trogJAMA trog在线发表题为“NovelCoroviruIfectioiHoitlizedIftUder1YerofAgeiChi”的研究论文，该研究确定了2019年12月8日至2020年2月6日期间在中国诊断为COVID-19感染的所有住院婴儿（年龄28天至1岁）。该研究鉴定了中国所有感染的婴儿，并描述了人口统计学，流行病学和临床特征。该研究发现，有9例婴儿感染了COVID-19，并于2019年12月至2020年2月6日在中国住院。这项研究表明，婴儿可以被COVID-19感染。 所有受感染婴儿均发生家庭聚类。应监测或评估已感染家庭成员的婴儿，并应报告家庭聚类，以确保及时诊断。9名婴儿患者中有7名是女性。先前的研究发现，男性感染的百分比高于女性。女性婴儿可能比男性婴儿更容易感染COVID-19感染，这需要进一步研究。由于1岁以下的婴儿不能戴口罩，因此需要采取特殊的防护措施。成人看护者应戴口罩，在与婴儿密切接触之前洗手，并定期对婴儿的玩具和餐具进行消毒。
2020年03月15日,时代的尘埃：一位武汉基层官员眼中的封城前八小时_荔枝网新闻,第一财经,回想起1月23日，武汉封城的那一天，作为武汉市武昌区的一位基层督查官员，梁鑫（化名）至今依然有种透不过气的感觉。“封城是个正确的决策，能够将传染源风险控制在最小程度。而封城前后流出的数百万人，事后也可以换个人道主义的角度来看，如果不是那样，整个武汉被感染和死亡的人数会比现在多很多。”作为一位当事人，他试图勾勒出武汉在封城之际的惊心动魄。梁鑫说：“我永远不会忘记这一天，这是悲壮的时刻，而且还是在春节就要到的那一刻，人类史上史无前例，一座千万人的城就这样被封了！一群人想方设法地夺路狂奔，而留下的人，将与这座城市共生死。现在每次回想起来，我的心脏都会震颤。”trog一场与时间的赛跑trog1月26日晚，湖北省人民政府新闻办公室就新型冠状病毒感染的肺炎疫情防控工作召开新闻发布会，武汉市长周先旺表示：目前有500多万人离开武汉，还有900万人留在城里。500万这个数字引起一片哗然。历史回到1月23日这一天的凌晨两点，在经历了98年特大洪灾和03年非典之后，武汉这座城市又迎来了一次大考：官方宣布自当天上午10时起封城，全市城市公交、地铁、轮渡、长途客运暂停运营；无特殊原因，市民不要离开武汉，机场、火车站离汉通道暂时关闭，恢复时间另行通告。一座上千万人的城市实施封闭，只为保障疫情不扩散。这在新中国历史上尚属首次。此前一天，即22日晚间，武汉市政府发布通告，要求全市在公共场合佩戴口罩，不听劝阻，构成犯罪的，依法追究刑事责任。“从这个时候开始，我们其实已经预感到事情严重了。”梁鑫如此说道。从23日凌晨两点宣布，到上午10时正式执行，中间空出了八个小时。“公路，高速，机场，高铁……都在这个时间段里人流攒动。尤其是公路和高速，很多的私家车，大家的心思就是先出武汉再说。”实际上，梁鑫对于“封城”二字有着非常敏感的认识。他说，只有遇到非常重大的变故或者其他敏感事件时，才能做出这样的决策，而“这样的决策一旦做出，就必须严格执行。”对于1月23日武汉正式封城的决定，梁鑫尽管在最开始感到惊讶，毕竟这是“破天荒”的头一次。但他非常清楚，如果不及时封城，事情会演变得更加糟糕。他说，做出封城的决策对谁来说，都是相当困难，因为“那个时候其实谁的心里都没有把握，封城之后留下的人们到底命运如何，是否能遏制疫情？”梁鑫说：“23日凌晨发的通告，这个通告发之前，没有任何预先知会的信息，直接以通告形式公布。不过从发出通告到正式封城，还有8个小时的窗口。这个窗口时间，走了很多人，包括我所知的自己身边的很多人。”得到“封城”的消息后，很多人开始在24小时便利店抢购物资。Tody、中百罗森里一群戴着口罩一言不发的市民将速冻饺子、面包、泡面等商品疯狂地装到购物袋里。而药店里的口罩、莲花清瘟胶囊、抗病毒口服液、板蓝根甚至酒精一上架就被抢空。而从停运通告发出起，凌晨到达武汉天河机场出发层的车辆就逐渐增多。最多时，几乎一秒钟一辆车到达。乘客拎着行李箱希望赶飞机离开武汉。机场每个值机柜台前都站满了旅客，排队的队伍长达百米。而当时就有航空公司接上级领导通知，可为十点前航班的旅客办理值机手续，十点后的则不办理，并对购票旅客原价退票。23日0点到10点，天河机场进港20架次，出港45架次。尽管各航空公司取消了大部分涉及武汉的航班，但依据“软着陆”原则以及涉及联程航班等原因，10点以后仍有少数航班从武汉天河机场起飞，分别前往哈尔滨、西宁、拉萨、巴黎等地。最后一班出港航班在12点55分离开，目的地广州。至此，年旅客吞吐量近3000万的天河机场关闭离港通道。没有人知道封城之后的武汉会怎样，所有人心里其实都没底，慌慌的。唯一能做的就是，要不继续留下，要不赶快逃离。据中国铁路武汉局发布的数据显示，“封城”前一天的22日，近30万人次乘坐火车离开这座城市。1月23日0点到10点间，武汉至少发出列车251列，北到哈尔滨，南达深圳，东到上海，西达成都。这座被誉为九省通衢的交通枢纽，具有将人们送往中国几乎每个角落的能力。“即使10点之后，也有不少的人成功出去了。”梁鑫说：“23日下午六点，有个洗车门店的人问我是否可以走？那个时候应该是火车站和机场都停运了，只能尝试走高速和公路。事实上，他成功离开了武汉。封城之后，陆续关闭了市内交通、铁路、航空、高速等出口，不过这种缓慢流出一直持续到初二，都有人在陆续离开武汉。”trog一个没有答案的问题trog“我说这样的话，可能会有很多人骂我。但现在回过头再来看，当初从武汉走掉的那些人，对个体而言，未必不是一件幸事。否则，武汉的伤亡将更惨重。”“因为在封城之后的一个月里，我看到了基层社区太多的人间悲剧，一家人家，前一天走了一个，第二天又走了一个……”说到封城后在基层社区的亲眼目睹，梁鑫再次哽咽地说不出话。“如果说一个人都没有出去，我看武汉市的人，肯定被感染的数量会高很多。因为现在从数据来看，全国被感染的人数有8万多，对不对？其中湖北省有6万多，武汉市有4万多，从这个数据是可以看出来的。”梁鑫说：“再加上医疗资源和物质资源的匮乏，以及疫情之初的防控失措，可以想象会糟糕到什么程度。要知道，后来确诊的人群中有相当部分是在等待中被感染的，在家中交叉感染的，有的在等待床位中死去。假设封城前后出走的500万人还继续留在武汉，我想武汉这座城市真的是存在失控风险的，会遭遇比现在严重得多的伤亡。真的，这绝非危言耸听！”“因为拖的时间长了，得不到及时治疗，病情自然就恶化了。疫情之初的这个阶段是最困难的阶段，我们都在一线，那个时候大家基本上不说什么话，都非常难过。”“所以，在武汉封城前的那八个小时，事实上相当于做了一点分流，就像在面临洪水汹涌而来之际，没有堵在一个地方，造成决口。否则的话，城内的死亡人数一定会多很多。”梁鑫说，非常时期的非常选择，并不是非黑即白的。trog时代的尘埃无法假设trog梁鑫的“担心”在中国疾控中心后来发布的《新型冠状病毒肺炎流行病学特征分析》追溯性论文中得以佐证：1月21-31日，有26468人发病。也就是说，1月21-31日之间，武汉发病的人数是最多的。因为，当时的新冠病毒已经彻底传播开了。梁鑫说，尽管1月24日，湖北省新型冠状病毒感染的肺炎疫情防控指挥部启动湖北省重大突发公共卫生事件Ⅰ级响应，但最基本的传染源控制行动，其实没有真正有效落实。更不用说与广东省相比，这个一级响应还晚了一天。即使在1月23日封城之后，武汉由于没有严格有力、有效地管控传染源，加上医疗资源发生挤兑，导致在2月1日到11日，又有12030人发病。直到2月10日，武汉市新冠肺炎疫情防控指挥部第12号通告发出：决定依据相关法律法规和一级响应相关要求，自即日起在全市范围内所有住宅小区实行封闭管理，对新冠肺炎确诊患者或疑似患者所在楼栋单元必须严格进行封控管理。这个时候，在中央指导组亲临一线指挥后，武汉的疫情防控工作才算真正的有效落地。而在1月21日-2月11日之间的这段日子里，已有3.8万多人感染上了新冠肺炎。医学论文预印平台medRxiv上2月10日发布的一篇论文认为，武汉新冠肺炎感染率在0.3%-0.6%之间。2月28日，钟南山院士团队在国际著名顶尖期刊《新英格兰医学杂志》报告了1099例新型冠状病毒肺炎（COVID-19）的临床特征。从全国范围来看，中国新冠肺炎的死亡率为2.3%。而根据中国疾病预防控制中心2020年3月4日的官方报告，武汉的死亡率为4.6%（49540例确诊病例中有2282例死亡），北京为1.9%（414例确诊病例中有8例死亡），上海为0.9%（338例确诊病例中有3例死亡）。假设500万人继续留在武汉，同时按照上述的0.6%感染率和4.6%死亡率来粗略测算，将有3万人被感染，以及死亡上千人。梁鑫说：“我不想去假设，对那些出走的个体而言，活着是最重要的，留下来的话，他们的伤亡率会更大。但也要看到封城前后出走的500万人使全国陷入巨大危险之中，全社会几乎停摆，代价之大无法计算。所以，大帐小账不能分开来算，怎么办？”大年初三这一天，身处“一线”的梁鑫明显感觉到疫情防控“吃紧”了，不仅病人增多了，而且有相当多的病人停的求救和寻等待床位。同时还有病人由于没有地方去，流散四处。这些都造成了广泛的交叉传播，加剧了感染情况。“一个人感染，一家人几乎就不能幸免了。从病例的数据增加与信息来看，大部分是以家庭为单元的，也造成很多悲剧。”梁鑫说，人道主义灾难在疫情之初的确实实在在发生着，但他和同事们都很无助和无力，每天都泪流不止。梁鑫认为，社区防控的措施和行动起初都是不专业的，“你封控小区以后，这些人还在里面，没有处置的话，内部还会扩散。”如果在封城的同时立即封小区，并采取强有力的隔离措施，哪怕缺少医护人员，哪怕条件很艰苦，先想办法把已经确诊的集中一块，疑似的集中一块，密切接触的集中一块，虽然这种集中有一定的风险性。但这样做，就能切断传染源，不会造成类似家庭集聚传染、社区扩散传染的悲剧。这在梁鑫看来，“封城之后没有同步，是因为当时顾不过来。”除此之外，梁鑫还表示，当时大家可能都慌了，他认为湖北省委和武汉市委基本上都是“糊的”。trog结局trog封城前后那些天，正是春运期间，离开武汉的500万人去了哪里？据第一财经新一线城市研究所统计，从1月10日至1月22日春运期间（武汉封城之前），每天从武汉出发的人群中有6至7成的人都前往了湖北其他城市，其次是河南、湖南、安徽、重庆、江西。从城市维度来看，除了湖北的城市，从武汉前往信阳、重庆、长沙、北京、上海、郑州的人群比例也较高。在湖北省内，孝感和黄冈是接受武汉返乡客流比例最高的两个城市。截至2020年3月12日24时，湖北全省累计报告新冠肺炎确诊病例67786例，其中武汉市49991例，全省累计病亡3062例，其中武汉市2436例。全国31个省（自治区、直辖市）和新疆生产建设兵团累计报告确诊病例80813例，累计死亡病例3176例。3月11日开始，湖北新增病例首次降至个位数。
2020年03月15日,下周起加拿大多伦多大学 滑铁卢大学将取消面授课_荔枝网新闻,新京报,新京报讯（记者戚望）3月13日，记者从加拿大多伦多大学获悉，该校将从3月16日起取消全部本科、硕士及博士生的面授课程，学生将以在线课程方式完成学业，一直到4月3日本学期结束。就读于多伦多大学的本科生告诉新京报记者，他们已收到学校发来的取消面授课的邮件。多伦多大学称，线下课程暂停期间，校园运作仍将继续，全部三个校区将继续开发。另外，三个校区的图书馆、宿舍、餐饮服务、健康中心、体育和娱乐设施以及其他公共空间将继续开放。多伦多大学强烈建议该校成员保持一定的“社会距离”。除多伦多大学，近期滑铁卢大学、西安大略大学和麦克马斯特大学等加拿大高校也宣布以网络授课代替面授课程。记者了解到，目前，加拿大魁北克省和阿尔伯塔省政府已发出通知，建议取消超过250人的室内集会；安大略省政府宣布，所有公立学校在3月假期后将继续关闭两周。公开资料显示，截至多伦多时间3月13日11时，加拿大已累计确诊新冠肺炎病例158例。
2020年03月15日,好消息！全国11省区市现有确诊新冠肺炎病例清零_荔枝网新闻,人民日报,截至3月15日12时，西藏、青海、福建、新疆（含兵团）、安徽、江西、山西、湖南、云南、江苏、重庆现有确诊病例为零！此外澳门特别行政区也于日前实现清零。别放松，严防境外输入；不获全胜，决不轻言成功！
2020年03月15日,菲交通部长新冠肺炎病毒检测呈阴性 曾与确诊者接触_荔枝网新闻,海外网,据《菲律宾每日询问者报》报道，菲律宾交通部长图加德的新冠肺炎病毒检测结果呈阴性。据早前报道，3月11日晚，菲律宾交通部发言人、助理部长利比兰称，交通部长图加德由于在上周与确诊新冠肺炎的病例有过接触，他将进行自我隔离。此外，包括菲律宾交通部发言人、助理部长利比兰在内的其他官员也将进行自我隔离。据菲律宾官方消息，交通部是在11日下午获悉这名确诊病例的行踪的。
2020年03月15日,印度新冠肺炎累计确诊病例升至93例_荔枝网新闻,央视新闻,据印度卫生部统计，截至3月15日早晨8时55分（北京时间上午11时25分），印度境内新冠肺炎累计确诊病例升至93例。其中印度公民76例，外国公民17例。所有病例中死亡病例2例。较14日下午公布的数据，印度确诊病例增长9例，其中马哈拉施特拉邦增长5例，喀拉拉邦增长3例，拉贾斯坦邦增长1例。
2020年03月15日,“63%受访企业有意扩大在华投资”折射“中国信心”_荔枝网新闻,中国吉林网,trog【地评线】长白时评：“63%受访企业有意扩大在华投资”折射“中国信心”trog中国美国商会一项调查报告显示，63%的受访企业有意在2020年扩大在华投资。一批有战略眼光的跨国公司没有止步于疫情影响，反而加快了在中国的投资布局步伐。比如丰田将与一汽合作，在天津投资兴建电动车工厂；星巴克将在江苏昆山投资1.29亿美元，用于建造星巴克全球最绿色环保的咖啡烘焙工厂，这个工厂是星巴克在美国以外产能最大的烘焙工厂，也是该公司最大一个海外生产性投资。疫情没有影响外企在华投资经营的信心。这次新冠肺炎疫情，是新中国成立以来在我国发生的传播速度最快、感染范围最广、防控难度最大的一次重大突发公共卫生事件。疫情发生以来，部分生产经营活动停顿，交通运输、文化旅游、酒店餐饮等行业受到了影响，但影响总体上是短暂、可控的。“63%的受访企业有意在2020年扩大在华投资”，中国美国商会调查报告就彰显了外企在华投资经营的信心。庞大市场是吸引外资企业的主要驱动力。中国有14亿多人口，有成长最快的中等收入群体。2019年中国社会消费品零售总额41.2万亿元，消费对经济增长贡献率57.8%，已经连续六年保持经济增长第一拉动力。随着旅游、文化、教育、养老等服务业不断发展，服务消费还有进一步释放的潜力。庞大的消费市场，日臻健全的法律制度，不断完善的市场环境，都对外资企业产生了强大的“磁吸力”。外资企业依然看好中国经济发展前景。“中国经济是一片大海，而不是一个小池塘。”新冠肺炎疫情虽然来势汹汹，但其对于中国数百万亿元的固定资产、接近9亿人的劳动力以及全世界规模最大、品类最齐全的生产体系难以产生实质性损伤，并不会改变中国经济稳健前行的良好态势。对此，德国思爱普联席首席执行官柯睿安就坚定表示：“我们持续看好中国市场，对中国经济发展前景充满信心。”风物长宜放眼量。中国共产党的领导和社会主义集中力量办大事的制度优势，让中国经济韧性十足。我们可以用举国力量快速打赢疫情防控阻击战，也可以集结14亿中华儿女之力快速恢复经济社会秩序。随着密集出台的政策效果逐步显现，各地外贸企业复工复产就呈加快态势。山东、安徽、辽宁等8省份外贸企业复工率超过80%，浙江、江苏、上海等19省份重点外贸企业复工率达到或接近100%。中国经济保持着极强韧性，生产和消费在受冲击后将呈现强有力反弹。近日，国家发展改革委等23个部门联合印发《关于促进消费扩容提质加快形成强大国内市场的实施意见》，就为对冲疫情影响、助力形成强大国内市场勾勒出了一条清晰的路线图。打好政策“组合拳”，继续抓好标志性重大外资项目落地，扩大金融等服务业对外开放，我们一定能够对冲疫情影响，实现今年经济社会发展的目标任务。(林溪)
2020年03月15日,辟谣丨抗艾滋病药洛匹那韦/利托那韦能预防新冠肺炎？_荔枝网新闻,光明网,
2020年03月15日,伊朗总统谴责美国持续制裁妨碍伊朗抗击疫情_荔枝网新闻,新华社,伊朗总统哈桑·鲁哈尼日前致信多国领导人，谴责美国持续制裁严重妨碍伊朗抗击新冠肺炎疫情努力，是对伊朗人民的集体惩罚。他呼吁国际社会抵制美国对伊朗采取的非法制裁，支持伊朗抗击疫情。伊朗总统官方网站3月14日发布此信部分内容，但未说明鲁哈尼给具体哪些国家领导人致信。鲁哈尼在信中说，在与新冠病毒搏斗的同时，伊朗还要面对“两年来源于美国政府的大范围非法制裁、极限施压政策及系统性政府阻挠行为的严重妨碍”，不到两年内，美国制裁已经给伊朗经济造成约2000亿美元直接损失。 鲁哈尼指出，在新冠病毒成为伊朗人民、中东地区人民乃至各国人民共同面对的威胁之际，美国对伊朗实施的制裁不仅非法和违背联合国安理会决议，而且是不道德和不人道的，不仅是对伊朗人民的集体惩罚，也是对全人类的集体惩罚。鲁哈尼呼吁国际社会抵制美国“非法和不人道的霸凌”，“不要让不公正的美国对伊朗制裁影响抗击致命病毒的战斗”。伊朗外交部长贾瓦德·扎里夫在其社交媒体推特账户发帖说，鲁哈尼总统在致多国领导人的这封信中告知对方，伊朗抗击新冠肺炎疫情的努力遭到美国非法制裁的“严重妨碍”。扎里夫说，“容忍恶霸杀死无辜之人是不道德的”。美国总统特朗普政府于2018年5月退出此前美国、俄罗斯、英国、法国、中国、德国六国与伊朗签署的伊核问题全面协议，后恢复并追加对伊朗制裁。伊朗新冠肺炎疫情暴发后，美方一面称愿向伊方提供帮助，一面却追加制裁。根据伊朗卫生部14日公布的统计数字，截至当天中午，伊朗新冠肺炎确诊病例累计12729例，死亡病例611例。
2020年03月15日,中国面食之乡的“疫”外之机：面食线上“逆战”_荔枝网新闻,中国新闻网,trog(抗击新冠肺炎)中国面食之乡的“疫”外之机：面食线上“逆战”trog中新网太原3月15日电题：中国面食之乡的“疫”外之机：面食线上“逆战”作者杨杰英小炒肉焖面、刀削面、牛肉丸子面，生活在有着“中国面食之乡”之称的山西人，被戏称为“血液里流淌着面条”。在新冠肺炎疫情面前，山西人吃面的劲头，不降反增，甚至有民众戏称，“唯有面食可以解忧”。中国外卖APP“饿了么”数据显示，3月初，太原订单增速排在全国一二线城市的第3名。当地民间特色面食——焖面订单在整体面类订单的占比达56%，有的店铺订单量甚至超过之前。在山西老字号梅家焖面的一家门店内，工作人员正在择豆角，店长尹萍萍则忙着查看外卖订单。受疫情影响，目前该门店只接受线上订餐，未恢复堂食。3月1日至14日，该门店线上销售肉类焖面2521份、素类焖面3053份。“现在我们处于线上销售爆发期，外卖销售量比同期提升了50%，实现了线上销售弥补堂食亏损。”梅家焖面运营经理王光说，疫情期间门店积极利用线上销售进行自救。此次疫情让餐饮从业者深刻体会到，数字时代民众消费方式的改变，线上销售或将成为餐饮界未来的重点。据介绍，复工以来，梅家焖面太原十几家门店每天能达到5000份左右的订单量。谈及焖面在疫情期间保持较高外卖成交量的原因，王光认为，面条最怕坨，而焖面因其独特的制作方式，能在外卖配送过程中保持半小时以上的口感。“此外，疫情期间在原材料上涨成本增加的压力下，我们一直保持平价销售，与疫情前价格一样。这也是线上销售火爆的原因之一。”王光说。“山西人是非常爱吃面的，即便是疫情期间，我接到的许多外卖单也是点的面食，备注也是需要多加醋。”“饿了么”外卖员杨金龙从早上八点开始接单，一直到晚上十点，一天能接到二十多单面食单。在他看来，受疫情影响，餐饮业受冲击非常大，许多饭店还未恢复营业。“订单量比同期肯定是少的，但面食、醋、药店的单量相对多。”谈及对疫情期间工作的感受，杨金龙说，每次外卖送到后都会收到感谢的话，心里感到很温暖。“单量比之前下降了很多，送得最多的也是受疫情影响的订单，比如蔬菜、药品等，面食之类订单有临汾丸子牛肉面、刀削面、焖面之类的。”今年22岁的外卖员王峰和同事在春节期间也一直坚守岗位。随着疫情逐渐得到控制，全国各地陆续复工复产。“饿了么”太原&m;大同城市群城市经理郭赢告诉记者，从近五周的太原外卖复工数据来看，整体呈现加速趋势，尤其是大型连锁品牌的复工速度非常快。“山西作为面食之都，从TOP5线上售卖的门店来看，焖面的订单量是最亮的特色，其他4个都是快消品牌。实际上，快消品牌更贴合用户在外的消费场景。”郭赢表示，作为山西地方特色美食线上销售火爆，说明人们对面食的需求也在逐渐趋于线上方向，订单量增速持续较高。“饿了么”数据显示，随着疫情的缓解，太原的外卖订单也迎来了快速增长。当地民间特色小吃的订单激增，焖面订单在整体面类订单的占比达56%。世界面食在中国，中国面食在山西。如今，越来越多的山西特色面食店积极探索线上销售模式，开启“疫情下”地方美食的“线上逆战”。
2020年03月15日,当复工复产撞上春暖花开，想摘掉口罩“喘口气”？ 时候未到，再等等！_荔枝网新闻,光明网,一场突如其来的新冠肺炎疫情，打乱了人们的正常生活。令人欣慰的是，在全国人民的共同努力下，当下新冠肺炎疫情形势已有所好转，各地的复工复产工作正在有序展开，很多人陆续返回工作岗位。当复工复产撞上春暖花开，这对宅在家很久的小伙伴来说，真真是要“解放”的节奏……已经达到高枕无忧的地步了？真的可以，摘下口罩“喘口气”了莫慌！听听药娃怎么说！trog为啥必须戴口罩？trog国家卫健委发布的多版《新型冠状病毒肺炎诊疗方案》均提及：新型冠状病毒存在人与人传播，经呼吸道飞沫和密切接触传播是其主要传播途径。眼睛、鼻腔、口腔等部位的粘膜接触到感染者咳嗽或打喷嚏飞溅出的体液，可能会导致感染。据《华夏时报》2月6日报道，在浙江杭州和宁波都出现了瞬间感染病例：一个15秒，不戴口罩去买菜被感染；一个50秒，去药房取药没戴口罩被感染。简直太吓人不是吗？感染真的可能只是一瞬间的事！所以说，切莫存在侥幸心理！一定要戴口罩！trog口罩还要戴多久？trog目前，国内新冠肺炎疫情防控工作取得了阶段性成效。3月12日，国务院联防联控机制召开新闻发布会，国家卫健委新闻发言人、宣传司副司长米锋称：总体上我国本轮疫情流行高峰已经过去，新增发病数在持续下降，疫情总体保持在较低水平。但形势依然严峻！连日来，全球新冠肺炎疫情逐渐升级，我国多地也出现境外输入性病例。就在3月11日，世界卫生组织（WHO）宣布，新冠肺炎疫情已具有大流行特征。因此，虽然目前国内各地陆续复工复产，多地也下降了防控等级，但个人防护仍不能松懈，口罩还摘不得！上海市新冠肺炎临床救治专家组组长张文宏教授早在2月27日接受《中国日报》采访时，就曾建议大家对疫情还要保持高度警惕性：“这个状态可能还要维持1到2个月。那时候没有新增了，基本上就可以把口罩摘了。”trog什么场合可以不戴口罩？trog1、如果您本人健康，在居家、通风良好或人员密度低的场所，一般属于低暴露风险人员，可以不佩戴口罩；2、家中没有疑似患者，也没有密切接触者、疫区回来的家人；3、私家车没有搭乘过疫区客人或疑似患者；4、在通风条件好的露天劳动、工作，并和相邻人员保持适当距离；5、逛公园时没有游客聚集，有条件和周围人保持距离；6、办公室严格采取了消毒、测体温、通风措施，同事也没有疑似和密切接触者，这些情况可以不戴口罩。
2020年03月15日,时政微视频（8）| 总书记指挥这场人民战争——科技战“疫”_荔枝网新闻,央视新闻,videocotrol=""durtio="0"fbl=""oter="htt:img.v.jtv.comimge202031520203151584248386839_233_m.jg"rc="htt:vod.v.jtv.comvideo202031520203151584248386839_233_1692.m4"webkit-lyilie=""video“人类同疾病较量最有力的武器就是科学技术，人类战胜大灾大疫离不开科学发展和技术创新。”新冠肺炎疫情发生后，习近平总书记高度重视科学防治、科研攻关在疫情防控中的重要作用，多次作出重要指示。习近平强调，要在科学精准救治上下功夫，最大限度提高治愈率、降低病亡率。中西医结合、康复者血浆治疗等方式，在疫情防治中发挥积极作用。疫苗、药物、检测试剂牵动人心，令全社会期待。习近平要求，争取早日推动疫苗的临床试验和上市使用。目前，我国已在疫苗研制方面取得重要阶段性成果。习近平强调，要统筹病毒溯源及其传播途径研究，搞清楚病源从哪里来、向哪里去，提高精准度和筛查效率。新冠肺炎“密切接触者测量仪”等系统，充分利用大数据开展流行病学和溯源调查。试剂检测能力不断加强。谋长远之策，建久安之势。习近平从战略高度进行谋划，强调要把生物安全作为国家总体安全的重要组成部分，加强疫病防控和公共卫生科研攻关体系和能力建设。牢记习近平总书记的重要指示，我们一定能在疫情可溯、可诊、可防、可治、可控方面取得新突破，打赢这场疫情防控的人民战争、总体战、阻击战。
2020年03月15日,香港感染新冠宠物狗连续2日检测呈阴性 已交还主人_荔枝网新闻,环球网,【环球网报道】香港新冠肺炎确诊者周巧儿的宠物狗日前被香港渔农自然护理署（渔护署）证实，其口腔及鼻腔样本呈弱阳性反应，低程度感染新冠病毒。据香港《头条日报》14日晚间报道，香港卫生署卫生防护中心传染病处主任张竹君14日表示，该只狗的最新检测结果呈阴性，已被交还主人。香港渔护署也证实了这一消息。《头条日报》引述香港渔护署回复表示，截至14日共有1只猫及3只狗被送往港珠澳大桥口岸动物居留所接受检疫，其中2只狗和1只猫，包括早前低程度感染的松鼠狗已经交还主人，余下一只唐狗仍然在接受检疫，现时4只宠物都对新冠病毒呈阴性反应。报道称，香港渔护署表示，该只松鼠狗3月12日及13日的鼻腔样本对新冠病毒呈阴性反应，14日已交还给主人，稍后会再为该只狗抽取血液，再确认其体内是否有抗体。渔护署早前5度抽取松鼠狗口腔或鼻腔样本，都对病毒呈弱阳性反应，而3月3日的血清测试则呈阴性，代表该只狗的免疫系统没有呈强度的免疫反应，亦显示现阶段其血液内的抗体不足以被测量。据港媒此前报道，该只松鼠狗的主人周巧儿早前被确诊感染新冠肺炎，成为香港第85例确诊病例，她已于3月8日出院。
2020年03月15日,武汉战“疫”护卫师_荔枝网新闻,人民网-军事频道,这是一开始就投入战斗、始终坚守一线的钢铁壁垒；这是第一支派出医疗队支援地方战“疫”的军队医院；这是一群整建制与疫情病魔殊死斗争的人民子弟兵。中部战区总医院驻守在武汉疫情的“暴风眼”，他们与这座城市休戚与共、血脉相连。当新冠肺炎疫情突然而至，他们挺身而出、冲锋在前、誓死不退，成为新时代护佑人民生命健康的护卫师！疫情刚刚爆发，中部战区总医院的医护人员就坚守在一线，这是进入重症救治室之前，医护人员的合影。这里！战“疫”悄悄打响今年的春节来得早，勤劳的武汉市民有的已经开始准备过年了。位于武昌区洪山上的宝通寺，人也慢慢多了起来，上香祈福的人络绎不绝。毗邻的中部战区总医院正准备调节休整，迎接新的任务。不知不觉间，“坊间”传闻悄然四起，一种不知名的传染病开始蔓延……12月31日，武汉市卫健委首次公开发布通报，确认多例与华南海鲜城有关联的肺炎病例；中部战区总医院发热门诊数陡然增加，100、200、300、400……最高时，一天超过600。曾参加过“小汤山”抗击非典和多次应急抢险救灾任务的江晓静、王琼书、刘孟丽等一批专家，嗅到了空气中弥散着一种不安甚至是凶险的味道……山雨欲来风满楼！这次来的不是风，而是疯狂又致命的“冠状病毒”。疫情当前，刻不容缓。中部战区总医院负压实验室开始全速运转。作为全军急性呼吸道传染病病原监测参比实验室，中部战区总医院负压实验室是驻汉部队唯一带有负压功能的实验室。从2015年起，为监测流感、呼吸道腺体和其他传染病，每年冬春季都会紧密监测发热患者情况，并进行跟踪和采样。但今年的数据变化太快太突然了！事先没有任何征兆!经组织感染科、疾控科等科室专家和医护人员共同讨论研究，提议马上启动《呼吸道传染病防控方案》。医院党委高度重视，专题召开分析会，认真研判形势，形成一致共识。成立领导小组，主官亲自挂帅；抽调精兵强将，核心部门全员参与；发热门诊、传染科、感染控制科等关键环节，开展防护培训，采取隔离措施，提高防护等级；加紧储备口罩、防护服、隔离衣等防护器材，紧急采购30个正压呼吸器和60个备用滤芯；通过自身医疗渠道，向驻汉驻鄂部队进行传染病防护提醒。一条条指令不断发出，一项项措施不断落细，越来越多的人投入到战斗中，越来越完善的举措落地生根。2020年元旦，医院已经进入临战状态，机关、发热门诊、传染科、疾病预防控制科等，全员无休！1月4日，医院调整扩大发热门诊，全院提高一级防护等级。1月6日，开始收治第一例患者。几天后，传染科床位告急。1月15日，医院决定火速扩建传染病区。1月16日，向武汉市卫健委送检第一例样本病例。1月17日，抢建的传染2病区、3病区开科。1月19日，医院提升疫情防控指挥等级，成立“一线指挥部”，党委成员集体住进办公楼；机关各部门重新进行人员编组和任务分工；专家组、医疗组、保障组，以及各预备队，抽组完毕；全院进行传染病防治专业培训考核。武汉洪山，我国现存历史最早的寺院之一宝通寺所在地，在人们最应获得健康和祝福的地方！中部战区总医院与新冠肺炎疫情不期而遇，一场为了维护人民生命安全和身体健康的阻击战，打响了！出击！为人民而战疫情，来势汹汹；阻击，众志成城。中部战区总医院坚决落实中央“坚定信心、同舟共济、科学防治、精准施策”的总要求，动员各方面力量，千方百计打赢疫情防控阻击战。1月21日，医院党委向全院发出《战“疫”动员令》，全院上下集中绝对资源和力量，投入到与新冠肺炎疫情的战斗中。疫情就是集结号。新冠肺炎被纳入乙类传染病、采取甲类措施严格管理。中部战区总医院发热门诊从一开始就采取了高一级的防护措施，严格按照甲类传染病进行处置。人民生命安全和身体健康受到严重威胁！然而此时，病毒性质不明、机理不明、凶险程度不明、治疗手段不明……，甚至，连传播途径还尚在论证。战“疫”一开始就进入了白热化。疑似病例数、确诊病例数、死亡病例数，不断刷新、不断攀升，治愈人数却死死地压在了谷底，始终显示着“0”！疫情数据像尖刀一样，高高抛起，每次落下来都深深地剜进全国人民的心！病毒开始在全城肆虐、疯狂蔓延！人民有难，江城告急！1月21日，第一批40人医疗队，紧急驰援武汉市肺科医院。当医疗队到达肺科医院时，医院里已经挤满了病人。上！再不能等！卸下物资设备，全体队员怀着难以抑制的心情，集体上阵！一间普通病房，36个小时被改造成ICU。肺科医院专家组成员、副院长陈先祥在验收检查时，眼含热泪、紧紧地抱住了医疗队长邬明。收！尽全力收！很快，新开的病房就又被挤满了。“早一分钟诊治，患者就多一分生机！”医护人员想尽办法，能加一张床就加一张床，能多收一个病人就多收一个病人。在人手最紧缺的时候，4个护理小组要负责5个护理单元，连备勤的人都没有，但在灾难面前，大家像坚守上甘岭一样，死死钉在阵地上，没有一个人退缩。这支医疗队，是军队向地方派出的最早的一支医疗队，医生全部具有丰富的一线临床经验，参加过多项重大军事行动，28名护士有14名护士长，绝大多数是中高级以上职称。截止目前，他们奋战在肺科医院已经50多天，工作强度仍然是最大的。这里的危重病人有的已经康复出院，有的还在与他们一起跟病毒做着殊死搏斗。他们是人民军医，他们是白衣战士，他们为江城父老送去了拳拳赤子心。1月23日，武汉封城！阻击战变成生死保卫战！打！坚决要打赢！医院发热门诊的病人数还在不断增长，好像还看不到减弱的迹象，床位成了最紧缺的资源。面对受难的百姓，怎能拒之于门外！改！最快速度、最大限度改建新病区！1月26日，医院内科楼、汉口院区等7个病区同时开始改造，限期2天完成。医院主动向武汉市卫健委申请成为定点收治医院，全院人员自发请战，2天后，7个病区全部交付，可以投入使用。全院10个病区开始更大批量地接收病人。1月26日，应地方医院紧急求援，医院再次组派22名医护人员，支援武汉市第七医院。至此，中部战区总医院投入一线救治任务的医护人员已达1000余人，展开床位近500张；截止3月12日18时，发热门诊量已经达到1.3万余人次，新冠肺炎专区累计收治患者816人，治愈出院684人。中部战区总医院作为人民军队的医院，像一座坚不可摧的生命堡垒一样，始终矗立在人民群众最紧迫最需要的地方！突围！抢占治疗制高点战“疫”是一场人类与病毒的较量，也是一场科研与时间的赛跑。中总人知道，打胜仗离不开科学技术的硬核支撑！江晓静，中部战区总医院传染科主任，军内知名的传染病专家，德国蒂宾根大学博士，主攻病毒学。深厚的理论功底和多年的临床经验，让她对传染病有着极其敏锐的嗅觉。就是她最早发现了病毒的凶险，提前向医院报了警。57岁的江晓静，近年来带领团队打赢过不少应对传染病的遭遇战。但这次，作为医院传染病首席专家，久经沙场的老将却几次落泪。面对一天600多人的发热门诊，她不知道这其中有多少是新冠肺炎患者，但她知道让他们离开会引发更大的灾难。有的患者住院时就已是危重症，经全力抢救终于生命体征出现好转，可当大家还没来得及喘口气休息上一阵子的时候，急转直下的病情就摧枯拉朽一般地把病人带走了。有的患者病情很平稳，上午还与医护人员聊天说笑，下午却突然出现呼吸衰竭，让人连反应的时间都没有。革命军人从来没有被困难压倒过！“办法总比困难多。”关键时刻，医院党委给江晓静鼓了劲，吃了定心丸——集中攻关！一方面，举全院专家的力量，深入一线搞会战！另一方面，向上级求援，联勤保障部队从郑州联勤保障中心等所属部队抽调28名传染和重症医学专家，星夜驰援。狭路相逢勇者胜，越是艰险越向前！一时间，专家齐聚，高手云集。在国家卫健委新冠肺炎诊疗方案的基础上，中部战区总医院新冠肺炎诊疗规范很快出台，中西医结合疗法得到有效尝试，“一人一策”精细化治疗方案得到推广。“严格精细化护理，认真监测各项指标，抓住有效治疗窗口期，严防病情向重症、危重症发展。”江晓静的话再次充满坚定和自信！与此同时，医院另一个高速运转的基础医学实验室也传来捷报。经过追踪早期522例新冠肺炎患者的临床资料，研究发现，炎症风暴虽然是造成多器官功能衰竭的主要因素，但与以往不同，新冠肺炎患者在发生炎症风暴的同时，其T淋巴细胞数量会显著下降。基础医学实验室主任刁波，给出了白话版的解释：就是加强对新冠肺炎住院患者的免疫功能评价，增强自身免疫力对提高治愈率有明显效果。救人！救人！救人！他们精准施治每一名患者，用心和病魔赛跑。在战“疫”最凶险阶段，一名怀孕34周加5天的确诊新冠肺炎重症患者被送到中部战区总医院。生，孕妇有生命危险！不生，34周的宝宝在腹内已会与妈妈对话，扼杀一个小生命，于心何忍！孕妇李女士决定，生！医院的专家们决定，生！必须生！专家反复会诊，妇产科主任王晶主动请缨，各种预案和应急措施全部准备到位！经过2个小时的紧张手术，一声清脆的啼哭声划破了外面专家们的紧张情绪。令人欣喜的是，核酸检测一切正常，孩子没有被感染！战“疫”宝宝健康出生，仿佛阴霾天拨开的一丝光亮，让人们更加坚信：黑暗之后，必定会是新的白昼，过不了多久，这座英雄的城市繁华光景又将出现。冲锋！共产党员在行动这场战疫，没有硝烟，却危险重重，每一步都是负重前行。共产党员上一线，是“压舱石”，是“强磁场”，将医院各条战线上力量凝聚起来，筑成众志成城战疫魔的铜墙铁壁。有这样一组数据：中部战区总医院共有119个党支部，2245名党员；向武汉市肺科医院和第七医院派出的医疗队，党员占73%；奋战在战疫一线的全体医护人员，党员占50%以上；全院14个一类传染科室、92个二类其他科室、50余个值班执勤点位、23个后勤服务保障要素，全部安排党员带班值班。一个个党员突击队就是一个个战斗堡垒，他们不用动员，却在没有硝烟的战场上誓死不退；他们不求荣誉，却坚定为保卫人民生命安全和身体健康奋战到底。志愿者党员突击队。500人的志愿者服务队，全部由医院家属子弟组成，党员突击队就是他们中的带头人，每次物资一到，在群里一招呼，几十上百个人就来了，很快就能把物资搬完。消杀防疫党员突击队。队长陈小强是有着近30年党龄的皮肤科军医，疫情爆发后，积极请战，未能调配一线，这名老将就自告奋勇当了消杀防疫组的组长。他带领突击队员每天背着25公斤的消杀喷洒壶，来来回回忙碌在院区的各个角落，一圈下来至少要4个小时。在他的带动下，儿子陈天奇也主动加入进来，成了院内为人称道的“父子兵”。后勤保障党员突击队。物业保安组组长彭全领是一名退伍老兵，“共产党员就要做出自己的贡献”是这名老兵铿锵的誓言。他们的任务最重最累最危险，但却不为人知。每天要清理近百桶的医疗垃圾，这些医疗垃圾不仅包含医疗废弃物，还有患者的排泄物，无疑是一个个被病毒填满的“炸药包”，稍有不慎就会引爆！疫情期间，由于武汉市垃圾清运车告急，往日的自装卸垃圾清运车改成了普通的垃圾清运车；每一个垃圾桶都是240升的标准垃圾桶，要靠两个人才能抬上去，有时候人手不够，大家就是一个个地把垃圾桶抱上车。“每抱一次，就是抱了一个炸药包。”危险程度，可想而知！面对危险，逆行而上，不只是工作职责所在，而是作为一名共产党员不惧牺牲的精神。红区的“白衣战士”亲切地称他们是“杜富国一样的排雷手”。靳桂明，医院疾病预防控制科老专家，已退休6年多，当“集结号”吹响时，她找到医院：“我参加过抗击非典任务，我还有30年的感控经验，让我上。”主动请缨担任感控监管组组长。王琼书，疾病预防控制科主任，为了以最快速度完成科室改造，达到定点医院标准，连续几天没合眼，奔波在各个楼层点位，按照更高标准完成了改造病区的规范化建设。刘孟丽，援助武汉肺科医院医疗队护士长。面对首次出征肺科医院带来的巨大压力，她充分利用自己参加小汤山抗击“非典”时的经验，发挥每个人的优势，科学分组、周密实施，协助科主任一天半就完成了开科任务，为危重患者治疗赢得了宝贵时间。“90后”护士舒纯、王欢，历时近18个小时，辗转2000多公里，义无反顾地回到战“疫”第一线；“最美新娘”王艳，再次推掉婚期，不顾个人安危，始终坚守阵地。人间大爱，忠诚无言！在困难和灾害面前，他们没有身份、不分年龄，他们有一个共同的名字——共产党员！制胜！人人都是战斗员马克思说：“我们知道个人是微弱的，但是我们也知道整体就是力量。”中部战区总医院的这场战“疫”，最大限度调动人力、物力以及民众情感。就像淮海战役是“用小推车推出来的”一样，也是全院上下包括保安、保洁、家属、老人、小孩，甚至是比邻的社会人士共同努力“推出来的”。医院200亩的院子，住着上千名病人，4600名员工，2000余名家属、子弟，生活保障、安全防护、正常运转本身就是问题。这场仗不好打！最难的是医疗物资的筹措。一下子开设那么多传染科室，之前准备的防护服、口罩很快就用完了。最紧张的时候，全院的医疗物资只够支撑一天。“总不能让战士们不带武器上战场吧？”卫勤部长何君带着几分悲壮地说。最后，他们发动各种关系找资源，上级机关也积极帮助他们想办法，经过多方筹措，就在即将弹尽粮绝的时候，终于联系上了一批医疗物资。“真是救人于水火！”何君事后仍然心有余悸。为了打赢这场战疫，医院发动各级组织、各类人群，积极主动地投入到战斗中来。运送人员正在给前线人员运送物资。全院共设有6个食堂，30余名厨师，由于工作人员都不能回家，每天要准备20000份盒饭。为了这20000份盒饭，每天要有专人联系肉、蛋、奶和各种蔬菜，做好的盒饭要区分不同点位打包分装，病号饭要送到病房，医务人员的饭要送到工作岗位和外住的酒店，既要有营养，又要求保温，经常是工作人员和志愿者不辞辛苦，每次送下来，有时累得自己连饭都不想吃。保障部长罗玉华和参加服务保障的工作人员、志愿者们从来没有抱怨过，他们说：“一线的医务人员都是我们亲人和同事，我们为他们做点事，一切都值得。”医院要求所有一线医务人员疫情期间不能回家，安排在周边9家酒店居住，当这9家酒店听说是中部战区总医院的“白衣战士”时，都表示愿意免费，并安排最温馨的服务。一线科室的保洁员平日工作就很辛苦，疫情发生以来，更是吃住在科里，不嫌脏、不嫌累、不惧怕危险，一个人干着几个人的活。保洁员朱爱红，因为城市公共交通全部停运，提着个人的一大包生活物资，凌晨5点从家里出发，步行3个小时，回到科室要求上班，她说：“我把被褥和生活用品都背来了，你们救病人，我照顾你们，直到疫情结束。”家属院停车场的艾福波师傅，自愿承担起车场的消杀防疫工作，尤其是进出车辆，每天都要几次喷洒酒精和消毒剂。“不能为你们做点事，照顾好我们自己也是做贡献。”一位多年居住在院内的老阿姨如是说。打赢疫情防控的人民战争、总体战、阻击战，没有旁观者和局外人，每个岗位都是阵地，人人都是战斗员，冬尽春来，战“疫”必胜！（摄影报道：覃丽萍孙威樊仁亮王礼光姚尧王皓宇王震）
2020年03月15日,多伦多猛龙：参与新冠肺炎病毒检测成员结果均为阴性_荔枝网新闻,荔枝新闻,荔枝新闻讯北京时间15日凌晨，NBA多伦多猛龙队通过官方社交媒体发布声明称，所有参与检测的成员均已收到检测结果，目前皆为阴性。值得一提的是，猛龙是NBA停赛前最后一支与爵士交手的球队，后者阵中已有两人确诊感染新冠病毒，分别是戈贝尔与米切尔。trog猛龙官方公告全文如下：trog所有接受了核酸检测的猛龙队成员都已经反馈了结果，所有人目前均为阴性。那些需要自我隔离的人将继续按照要求进行隔离。我们所有人都将继续保持社交距离、勤洗手，并密切地监控着我们的健康状况。我们将继续与公共卫生安全部门和防疫专家保持密切的联系。感谢所有人对我们的关心与支持。
2020年03月15日,约翰斯·霍普金斯大学：美国新冠肺炎病例增至2726例_荔枝网新闻,新华社,美国约翰斯·霍普金斯大学发布的实时统计数据显示，截至美国东部时间14日20时（北京时间15日8时），美国累计新冠肺炎确诊病例达2726例，死亡54例。这一数据来自该大学新冠病毒研究项目汇总的美国各州疫情报告。美国疾病控制和预防中心在周末没有更新数据。
2020年03月15日,日本累计新冠肺炎确诊病例787例 死亡22例_荔枝网新闻,央视新闻,据日本放送协会消息，根据日本各地的地方自治团体和厚生劳动省通报的数据，截至当地时间15日上午10时，在日本国内新冠肺炎感染者达到773人，加上包机归国的确诊病例14例，感染者共787人。14日新增一例感染者死亡病例，目前日本国内感染新冠肺炎患者的死亡人数为22人。
2020年03月15日,梅西微博发文呼吁公众抗疫：我们都要负起责任，待在家里_荔枝网新闻,环球网,受新冠肺炎疫情影响，西甲联赛暂停，西甲球员全部居家隔离。15日，阿根廷球星梅西在微博上呼吁称，在这个特殊的时期，我们必须遵循世界卫生健康组织的指示，只有这样才能有效对抗疫情。现在我们所有人都要负起责任，待在家里。对于我们每个人来说，现在都是段难熬的日子。对于发生的一切，我们感到很担心，想要把自己放在那些最困难的人们的立场上，他们自己或者他们的家人朋友可能正因此受到影响，还有那些奋战在一线的医务工作者们。我希望能为他们送去力量。健康永远是第一位的。在这个特殊的时期，我们必须遵循世界卫生健康组织的指示，只有这样才能有效对抗疫情。现在我们所有人都要负起责任，待在家里，这段时间你可以充分享受与家人在一起的时光，这样的机会并不常有。给大家一个大大的拥抱，希望我们能尽早扭转局面。西班牙首相桑切斯在当地时间14日晚在首相府宣布，西班牙将从即日起为对抗新冠疫情施行“封城”的措施，全国人民的出行将会受到最大程度的限制，西班牙政府将全力对抗新冠病毒的蔓延。
2020年03月15日,英国新冠肺炎病例破千 一新生儿检测呈阳性_荔枝网新闻,中国新闻网,英国新冠肺炎确诊病例14日新增347例，总数突破千例，达到1145例；新增死亡人数10人，死亡总人数达到21人。英国政府卫生部门公布，目前有37746人接受了新冠病毒检测。最新死亡病例中，有8例是80岁以上男性。英国政府首席医疗顾问克里斯·惠蒂(ChriWhitty)表示，“我理解，与新冠病毒相关的死亡人数的增加，将引起许多人担忧。公众应该知道，我们采取的每一项措施都是为了拯救生命，保护最弱势的群体。”伦敦北米德尔塞克斯大学医院当日公告称，一新生儿母亲在生产前因出现疑似新冠肺炎症状入住该院，在产后得到确诊感染新冠病毒的检测结果。该婴儿出生几分钟后，进行新冠病毒检测呈阳性，为英国目前年龄最小的新冠病毒感染病例。医护人员正试图确认，该新生婴儿是在何时感染了新冠病毒。目前尚不清楚该婴儿是在母亲子宫内、还是在出生时医护过程中感染。英国政府宣布进入“延缓病毒传播”防疫计划第二阶段明确规定，有轻微症状的自我居家隔离者，不再接受新冠病毒检测。政府权威人士日前披露，估计英国实际病例数量可能约为5000至1万例。229名英国科学家联名向政府致公开信，敦促采取“更强有力、更严格”的措施来应对新冠病毒的蔓延，减缓英国疫情增长速度，挽救“数千人的生命”。感染病例持续增加，导致英国民众开始争相囤积食物和家庭用品。政府部门表示，人们“没有必要”这样做，同时放松了对商店送货时间的限制，以确保商店仍有库存。由于“持续的高需求”，多家在线超市购物网站崩溃。
2020年03月15日,老挝卫生部长：中国的疫情防控措施为各国树立榜样_荔枝网新闻,央视新闻,近日，老挝卫生部长奔贡西哈冯在接受总台记者专访时表示，中国的新冠肺炎疫情防控措施为各国树立了榜样，中国的成功经验值得各国借鉴，老挝愿进一步加强与中国的交流合作。奔贡表示，中国政府高度重视疫情防控工作，出台了一系列强有力的措施，民众也高度配合。目前，中国新冠肺炎感染人数不断下降，治愈人数不断增加，这表明中国的防控措施是有力、高效的，他对此表示赞赏。老挝卫生部长奔贡西哈冯：我高度赞赏中国政府、人民，以及每一位科研和医护人员所付出的努力，为国际社会尤其是我们老挝树立了榜样。奔贡认为，除加强本国防控外，中国政府还积极分享信息和经验，注重国际合作，为有效防止疫情国际传播作出积极贡献，这对世界各国有着重要意义。老挝卫生部长奔贡西哈冯：中国政府高度重视疫情防控，防止疾病国际传播，这对世界各国有着重要意义。中国在本国患者数量降低后，还向伊朗等多个国家派出援助力量，令人感动，充分体现了中国共产党的国际主义精神。作为老挝新冠肺炎疫情防控领导小组的成员之一，奔贡告诉记者，老挝的技术专家组与中国国家卫健委保持着密切沟通，借鉴了多项中国的抗疫经验且成效显著，老挝愿继续与中国加强交流合作。老挝卫生部长奔贡西哈冯：感谢中国政府以及中国驻老机构，对老挝提供的援助。老挝和中国是命运共同体，两国要守望相助。目前，许多中国企业和工厂开始有序复工复产，奔贡相信，疫情得到控制后，中国经济将迅速回暖。老挝卫生部长奔贡西哈冯：我坚信在中国政府的领导下，加上中国先进的技术，以及中国人民的勤劳，中国经济将迅速回暖，中国的生产也将得到恢复。
2020年03月15日,无锡55例新冠肺炎确诊病例全部治愈出院！_荔枝网新闻,无锡疾控,根据省卫健委3月15日最新通报，2020年3月14日0-24时，无锡市无新增新型冠状病毒肺炎确诊病例。截至3月14日24时，全市累计报告新型冠状病毒肺炎确诊病例55例，tyle="color:rgb(128,0,0);"trog已全部出院trog。共追踪到密切接触者1005人，均已解除医学观察。
2020年03月15日,英媒：忧心疫情蔓延 英女王撤离白金汉宫_荔枝网新闻,海外网,据外媒报道，由于新冠肺炎疫情在英国蔓延，英女王撤离白金汉宫，前往温莎城堡居住。据英国《镜报》、《每日邮报》等多家媒体报道，出于疫情中的安全考虑，英女王伊丽莎白二世周四（12日）撤离白金汉宫，前往温莎城堡。同时，皇室内部表示，如果未来英国疫情更严峻，将把女王和菲利普亲王撤离至桑德灵汉姆宫进行隔离。不过，《镜报》援引白金汉宫的一位消息人士的话说，女王此次温莎城堡行只是“普通的周末旅行”，她将于下周回到伦敦。报道称，白金汉宫人士表示，女王现在健康状况良好，但是因为白金汉宫近期一直有接待活动，要迎来包括各国政府高层在内的各类访客。女王继续居住在白金汉宫里的风险较高。再加上女王最近接见了很多人，随行官认为，让她离开白金汉宫是最好的做法。据英国卫生与社会保障部统计，从当地时间13日早9点到14日早9点，英国新增新冠肺炎确诊病例342人，累计确诊病例1140人。
2020年03月15日,西班牙连续两日新增确诊病例数破千 共确诊6393例_荔枝网新闻,央视新闻,西班牙是目前欧洲地区新冠肺炎确诊病例数第二多的国家。14日起，西班牙开始进入国家紧急状态。西班牙卫生部当天公布的数据显示，已累计确诊病例6393例，比前一天新增了2184例——这已经是西班牙连续两天报告单日新增确诊病例数破千。死亡病例数则从前一天的120例升至195例。西班牙首相桑切斯在当晚的电视讲话中宣布，为遏制疫情蔓延，即日起在全国范围内实施为期15天的严格封闭措施。除工作、就医或购买生活必需品等特定情况外，全国范围内的约4600万民众禁止走出家门。此外，西班牙全国所有教育机构停止现场教学，除供应食品等生活必需品、报刊杂志、燃料等的商店以外，其他零售商店全部停止营业。西班牙卫生大臣直接集中指挥全国卫生系统工作，卫生部有权动用和调配全国所有医疗资源，国家和地方警察等安全部队暂由内政部管辖。
2020年03月15日,李显龙：疫情对经济影响可能已超2008年金融危机_荔枝网新闻,环球网,新加坡总理李显龙14日在自己的脸书主页称，新加坡正面临着严峻的长期挑战，新冠肺炎疫情对经济的影响可能已经超过2008年金融危机。李显龙发文表示，根据新加坡选区划分委员会（EBRC）13日最新出炉的报告，新加坡必须在2021年4月21日前举行议会大选。具体什么时候举行大选，要根据情况决定。“新加坡正面临着严峻的长期挑战，”李显龙称，“我们不知道（新冠肺炎疫情的）全球大流行什么时候结束，但很有可能持续到今年年底，甚至更久。新冠肺炎疫情在疫期结束前对经济带来的负面影响可能已经超过2008年金融危机，而且可能影响更持久。”李显龙称，针对疫情对经济带来的负面影响，新加坡大选有两种方案：一是期待疫情在本届政府任期内结束，但谁也不能保证疫情什么时候结束；二是提前举行大选，为接下来可能面临的困难做充分准备。“如果必须在新冠肺炎疫情结束前举行大选，我们将采取全部必要的预防措施，确保各党派能够高效选举、选民能够安全投票。”根据新加坡最近三届议会选举的情况，往往是在新加坡选区划分委员会报告出炉后3个月内举行全国大选。举行大选前需解散国会，总统将根据总理的提议，宣布解散国会和颁布选举令状。
2020年03月15日,武汉黄石两地作战，吴侬软语“苏”医生的硬核经验_荔枝网新闻,现代快报,videocotrol=""durtio="0"fbl=""oter="htt:img.v.jtv.comimge20203155e6cf7fb1bc8e0886f00032e_LD_m.jg"rc="htt:vod.v.jtv.comvideo202031520203151584238574579_107_1476.m4"webkit-lyilie=""video1月28日开始，7批苏州医疗队员驰援湖北，在武汉、黄石展开救治新冠肺炎患者的工作。目前，349名苏州队员共收治了907名患者，其中重症患者268名，危重症患者90名，现有406位患者治愈出院。在这场救治工作中，苏州医疗队也总结出了集速度、力度和温度为一体的"苏州经验"。trog边救治边总结，提高患者治愈率trog"我是湖北人，作为一名重症科医生，我要为家乡出一份力。"江苏援湖北医疗队苏州一队党支部书记、苏州市立医院副院长曾元英说。一个月来，她在武汉同济医院光谷院区，与队员们共同救治新冠肺炎患者。"新冠肺炎疾病没有特效药，此时重症病人的救治时机就非常重要。"她总结，重症医生要有一双"侦探眼"，病人生命体征的细致变化都要关注到，呼吸、营养等各种干预手段，都要及时用上。特别是有基础疾病的新冠肺炎患者，身体情况常常容易发生变化，医护人员在治疗中"关口前移"就非常重要。曾元英介绍，苏州医疗队每周一会召开医疗质量例会。会上，各个医疗组一起讨论，治疗中面临的困惑和收获。同时，他们每天下午也会在同济医院光谷院区，开展全院性的疑难病例讨论和其他团队的专家进行学习交流。"我们是边救治，边总结。既能指导实践，又总结出宝贵的防控方案，也为这一特定历史留下资料。"江苏援湖北医疗队苏州领队、苏州市卫健委综合监督处处长刘日记说。他表示，新一版的诊疗方案出来后，苏州医疗队都会进行研究。在例会上，针对病人的相关情况讨论后，大家都意识到有一些问题需要在实战中继续完善。"我们会在实战过程中，把焦点或重点问题，组织专家进行关键环节完善，并形成制度建设，以指导整个医疗队。这有利于规范化治疗和精准治疗。"最近，他们将感染防控、医疗救治、人文关怀三方面的工作总结成文，将这些来自一线的经验总结发给了苏州市卫健委。他认为，来自一线总结的战役经验非常宝贵，对以后研究也有重要的文献价值。"特别是以后碰到一些类似的公共卫生事件，这些来自最前线，最直接的经验，也是很好的参考。"trog多学科联合诊疗，提出"肺外保护"trog重症、危重症治疗中"肺外保护"的问题，就是苏州医疗队总结出的一条重要经验。刘日记介绍，重症、危重症患者的"肺外保护"在早期未引起很大的关注。他说，"一般重症、危重症患者会有一些肺外的多脏器的损伤，而损伤一般出现的比较慢。我们也是通过一些案例，观察到新冠肺炎的多器官损害在有基础疾病的病人身上尤为明显，而往往成为最后加重病情的启动因子。之后，我们就更加突出肺外保护，形成更精细化的管理。"苏州医疗队成立包括心脏、肾脏、肝脏、呼吸等专业组，对每一个病人进行肺外脏器的筛查。同时这些专业组全部配合进行点对点治疗。能有这样齐全的专业组配置，得益于前期准备充分。刘日记介绍，此次，江苏援湖北医疗队苏州队共有队员349名队员。队员们分为7个批次，分别到达武汉、黄石，随后武汉的团队在同济医院光谷院区、江夏区第一人民医院、同济医院中法新城院区等地展开救治工作。因为充分考虑到新冠疾病的特点，医疗队成员中，有重症、呼吸科、感染科、心血管内科、肾内科、消化内科等专业的专家。其中，214位医护人员为中级以上职称，83位医护人员为高级职称。队伍中，还有许多的年轻力量，97名队员是90后，80后占比达到了80%。trog"苏武沐阳"体现苏州式人文关怀trog"我们所有的医疗队都是一夜成军，这代表了苏州速度；一边救治患者，一边将这些经验制度化，这代表了苏州力度；苏州队对患者的人文关怀，代表了苏州温度。"刘日记用"速度、力度、温度"总结了苏州医疗队驰援武汉的表现。在整个医疗救治的过程中，"苏式"出院卡、心愿墙里都有苏州特有的"吴文化"的痕迹。苏州医疗队注重给予患者心里上的慰藉，通过沟通建立与患者之间的信任，继而达到医患双方共同抗疫的目的。刘日记说，从收治病人开始到出院，苏州医疗队都发扬了"吴文化"的人文关怀，这也是他们对生命的尊重。苏州医疗队的队员们和患者之间通过微信群联系，有些微信群名叫作"苏武沐阳"，意指苏州和武汉共同沐浴着阳光。这个微信名里，是医务工作者对患者的鼓励。微信群里，医护工作者对每一位病人的康复情况进行跟踪，并对患者提出的问题进行详细的解答。医患关系也在人文关怀中不断升温，据了解，已经有患者和医护人员约好，出院以后要进行一场羽毛球比赛。有些约好了一起到武大看樱花，有些还约好了一起去苏州品尝美食。
2020年03月15日,公安部追授艾冬二级英模称号 其母系董存瑞妹妹_荔枝网新闻,北京日报,国务委员、公安部部长赵克志近日签署命令，trog追授北京市公安局法制总队信访支队三级高级警长艾冬全国公安系统二级英雄模范称号。trog在新冠肺炎疫情防控工作中，艾冬勇挑重担、忘我工作，高效开展对群众反映的涉疫情诉求线索核查、处置工作，trog不幸于2月15日突发脑出血，经抢救无效于2月22日牺牲，年仅45岁。trog2020年1月新冠肺炎疫情发生以来，他一直坚守在岗位上，带领大家每日梳理涉及疫情的电话派单，逐件盯办办理结果，坚持“第一时间转办、第一时间反馈”，积极推动诉求解决，确保做到响应快、办得实，期间共办理疫情类派单320余件，其他群众诉求近万件。他把融于血脉的红色基因体现于“关键时刻冲得上”的忠诚担当，把根植于内心的为民情怀体现于做好每一件群众工作中，用生命传承了英雄精神，更用一生诠释了人民警察的崇高理想信念。艾冬来自一个英雄的家庭，从小受老一辈的优秀传统和红色基因的熏陶，长大后通过自己努力成为一名人民警察。自1996年参加公安工作以来，他始终牢记全心全意为人民服务的根本宗旨，忠实履行人民警察的神圣职责，取得了突出的工作成绩。在长期从事的信访工作中，他始终满怀对人民群众的深厚感情，主动倾听群众呼声，深入了解群众诉求，积极妥善化解矛盾纠纷，尽心竭力为群众排忧解难，为维护社会稳定作出了突出贡献。特别是2014年负责北京市公安局“非紧急救助管理”和12345接诉即办工作以来，他以强烈的事业心和责任感，全身心投入工作，不断加强与市政部门的沟通协调，坚持做到“事事有回音、件件有着落”，最大限度解决老百姓的实际问题。近6年来，他先后牵头办理完成接单派单任务33万余件，办结率、回复率达到100%，受到了广大群众一致好评，2019年被评为首都公安年度“法制之星”。公安部党委副书记、常务副部长，北京市公安局党委书记、局长王小洪昨天在京看望慰问艾冬同志的母亲董存梅老人。trog董存梅老人是革命烈士董存瑞的妹妹。trog
2020年03月15日,鲁哈尼致信他国领导人：美制裁阻碍伊朗抗击疫情 敦促解除制裁_荔枝网新闻,环球网,伊朗新冠肺炎疫情形势严峻，当地时间14日，伊朗总统鲁哈尼表示，美国的制裁严重阻碍了伊朗抗击新冠肺炎疫情的努力，敦促他国领导人解除对伊朗的制裁。截至14日中午，伊朗新冠肺炎累计确诊病例达12729例，其中死亡611例。路透社援引伊朗媒体消息称，鲁哈尼在给世界其他国家的领导人写信时做出了上述表态，但报道并没有透露具体给哪些国家领导人写了信。当天，伊朗外长扎里夫在推特上透露，鲁哈尼在写给他国领导人的信中表示，美国的制裁严重阻碍了伊朗抗击疫情的努力，敦促他国解除对伊朗的制裁。“让一个恶霸杀害无辜的人是不道德的。”扎里夫还写道，病毒不对因政治、地理而做区别对待，我们也不应该。路透社称，伊朗是受新冠肺炎疫情最严重的中东国家。当地时间12日，伊朗宣布，该国已经向国际货币基金组织(IMF)寻求约50亿美元的紧急援助。法新社称，这是1962年以来，伊朗首次向IMF寻求资金援助。报道称，不断升级的疫情损害了伊朗的商业，在许多邻国和贸易伙伴关闭边境后，势必会打击伊朗的非石油出口。路透社表示，伊朗经济已经受到美国制裁的打击，这些制裁限制了对伊朗政府收入至关重要的石油和天然气出口。分析人士表示，伊朗疫情暴发导致的经济活动放缓，以及边境的持续关闭，预计将导致该国今年经济出现萎缩。
2020年03月15日,祝贺出院！可别松懈，新冠肺炎康复期你还需要注意这些事_荔枝网新闻,我苏网, trog我苏网专稿李瑶trog3月15日上午，江苏省卫健委发布：3月14日0时-24时，江苏省无新增新型冠状病毒肺炎确诊病例，新增出院病例1例。trog目前，trogtrog累计出院病例631例，tyle="color:rgb(51,153,102);"江苏省在院确诊病例“清零”！brtye="_moz"trog出院值得庆祝，但患者出院后仍不能懈怠，愈后的康复、随访、检测等都需持续关注。如果你或者家人、朋友是新冠肺炎的出院患者，以下康复期防护事项请注意，trog此处敲黑板！trogtyle="bckgroud-color:rgb(51,153,102);"tyle="color:rgb(255,255,255);"trog出院后继续进行14天隔离避免外出trog根据国家卫生健康委发布的《新型冠状病毒肺炎诊疗方案（试行第七版）》规定，患者出院后，trog建议应继续进行14天的隔离管理和健康状况监测trog，佩戴口罩，有条件的居住在通风良好的单人房间，减少与家人的近距离密切接触，分餐饮食，做好手卫生，避免外出活动。tyle="bckgroud-color:rgb(51,153,102);"tyle="color:rgb(255,255,255);"trog按规定配合定期随访、复诊trog在出院隔离期间，疾控部门有关工作人员会进行随访和检测，出院患者应积极配合工作人员的随访和相关样品采集工作。如果再次出现疑似新冠的临床症状，如：发热、乏力、干咳，或伴有鼻塞、流涕、腹痛或腹泻，应及时报告给随访人员。《新型冠状病毒肺炎诊疗方案（试行第七版）》建议，trog患者在出院后的第2周和第4周到医院随访、复诊trog。tyle="bckgroud-color:rgb(51,153,102);"tyle="color:rgb(255,255,255);"trog注意个人卫生进行康复治疗trog出院后隔离期间，患者也要注意个人卫生，勤洗手，每天可以适当做一些trog康复治疗trog，促进身体恢复，如trog呼吸功能训练、躯干功能训练、心理康复干预、活动能力训练trog等。tyle="bckgroud-color:rgb(51,153,102);"tyle="color:rgb(255,255,255);"trog营养膳食恢复体能、免疫功能trog除了康复锻炼，出院患者还要trog注重康复期合理饮食，恢复体能和免疫能力trog。江苏疾控发布的普通型或康复期患者营养膳食指南，为康复期患者提供了饮食参考。最后，我苏小编再次提醒大家，患者康复后的一系列巩固措施与对自身身体情况的密切观察同样很关键、很重要，不可忽视哦。愿病毒后会无期，健康平安常在！tyle="fot-ize:13x;"（来源：国家卫健委、江苏疾控、广东疾控等，我苏网综合整理编辑李瑶）
2020年03月15日,【连线黄石】马皖苏：疫情终会消散 期待春暖花开_荔枝网新闻,连网,“到阳新已经1个月了，这里的形势在好转。”昨日，笔者联系到江苏省援黄石医疗队阳新分队队员、市一院感染科主治医师马皖苏。马皖苏是中南大学湘雅医学院内科硕士研究生。新型肺炎疫情发生后，她先是在高新区发热门诊值班，后来又一直在综合三病区奋战，直到2月11日驰援黄石阳新。到阳新后，马皖苏先是在阳新县人民医院的发热门诊工作了半个月。发热门诊是抗疫的第一道防线，所有不明原因发热的患者，或者虽无发热症状但有呼吸道症状的患者都会到发热门诊就诊，马皖苏的任务就是根据患者流行病学、临床表现、血常规、CT等结果，把疑似的病人甄别出来。每天早上7时40分，马皖苏准时来到更衣室，把一层层的防护设备仔细穿戴好，因为没有镜子，和同事相互监督，不敢有一丝疏漏。8时开始一天的工作。一次，有位50岁的男性患者，咳嗽20余天，干咳为主，无发热、气喘等不适，多次来医院就诊，查肺部CT、血常规均正常，但是患者咳嗽反复，自己非常焦虑，再次来就诊。马皖苏给他安排了血常规、CRP、肺部CT检查，结果回报患者肺部CT右上肺有模糊玻璃影，符合疑似病例的诊断，需要立刻隔离住院治疗。患者听完以后更加焦虑了，紧张不安，他说他周边没有确诊病例，也没有去过武汉，担心被人歧视。“你还没有确诊呢，即使确诊了，你也要相信我们。”马皖苏反复安慰他，“这个时候，我要做的就是安慰患者，减轻患者的心理负担，缓解患者紧张焦虑的情绪，为他加油打气。”2月28日，马皖苏开始在ICU工作。ICU收治的都是新冠肺炎重症和危重症患者，必须全力以赴，争分夺秒，和死神抢夺生命。有一位80岁的老奶奶，以危重症新冠肺炎转入ICU，在治疗过程中，一度发生不明原因的消化道大出血，因为患者的病情，不允许进一步完善胃肠镜等相关检查明确出血病因，老人病情危重，濒临死亡边缘。但是马皖苏和同事们并没有放弃，每个人都全力以赴，最终老人病情好转，还可以下床活动。老奶奶出院的前一天，马皖苏和管床护士带她去做肺部CT评估病情，结果显示恢复得很好，达到出院标准。听到消息后的老奶奶竖起了大拇指，激动地说：“谢谢你们，你们太辛苦了。”随着疫情形势的好转，每天的病人数量在减少，马皖苏心里有说不出的开心，“我会继续守好抗疫防线，守护阳新百姓的健康。我相信疫情终会消散，期待春暖花开。”
2020年03月15日,独家调查丨重症_荔枝网新闻,央视新闻,迄今为止，人们尚未发现能够有效杀死新冠肺炎病毒的药物。那么奋战在一线的医护工作者们如何才能做到减少危重症患者的死亡率、提高治愈率？如何才能抚慰那些正在经历煎熬的身心？《新闻调查》记者记录下这个非常时期，人们所付出的非凡努力。13月，阴冷的空气正在告别这座城市，疫情也在迅速消退。集中收治轻症患者的方舱医院陆续关闭休舱。但在收治重症和危重症患者的定点医院里，人们仍在与病毒进行着艰苦的拉锯战。来自上海、山东、浙江、江苏、福建、广东6个省市的17支医疗队、共2300多名医护人员，已经连续工作了一个多月。600多名同济本院的医护人员与17支援鄂医疗队一道，共同肩负起了救治上千名重症和危重症患者的责任。就在一个月以前，这里是另外一番景象。2020年2月9日，武汉市宣布同济医院光谷院区为增设的新冠肺炎定点医院之一、开始集中收治重症和危重症患者。此后连续三个夜晚、来自多个隔离点、医院和社区的、转运患者的车辆不断涌向医院。当时武汉市新冠肺炎疫情正处在快速增长期，每天新增确诊病例超过千人，医疗资源高度紧张，同济医院光谷院区奉命开放的17个病区、828张床位，专门收治重症和危重症患者。也是从2月9日到11日，短短3天之内，6个省市的17支医疗队共2300多名医护人员先后进驻同济医院光谷院区。21床患者，他今年50岁，在住进同济医院光谷院区之前，已经发烧多日，先是在家中吃药、后来到发热门诊打点滴，但是肺部感染不断加重。2月17日他开始出现呼吸衰竭、被转入由华山医院援鄂医疗队负责的重症监护病区。正常情况下，人体动脉血的血氧饱和度为98%，而当时这位患者只有百分之八十几。这意味着，他的全身脏器都处于缺氧的状态。当时医生们决定迅速为患者实施更为有效的人工通气措施——气管插管，这个任务交给了急救插管小分队。2月17日，急救插管小分队准备为1床的患者实施气管插管。这个操作要面临双重风险：一是医护人员直接面对患者打开的呼吸道，二是患者在插管时没有自主呼吸，全靠自身血液中储备的有限氧气来供应全身的需要。一旦插管失败、将给患者带来更大的伤害。根据病历记录，插管后1床的血氧饱和度恢复到了96%左右。但是3天过后，即便是在给予纯氧的情况下，患者的血氧饱和度又下降到了93%。tyle="fot-fmily:楷体,楷体_gb2312;"记者：那给他插管以后没有办法改善他的氧合，这是什么原因？tyle="fot-fmily:楷体,楷体_gb2312;"上海华山医院感染科主任医师陈澍：这说明肺的底子太差，就是你虽然把氧供进去，他里边弥散不了，他里面可能肺泡里头都是一种胶冻或者水样的东西，呼吸窘迫的炎症渗出很厉害，氧透不到血里去。如果你撑不过这个阶段，那就很糟糕。医护人员们和新冠肺炎病毒的拉锯战就这样无声地开始了，如果不能尽快改善这位患者的缺氧情况，他的大脑、心脏、肾脏、肝脏等等全身的器官，都将受到致命的损害。这位患者将来不及等到他自己的免疫系统恢复正常，就会因为其它脏器的衰竭而死亡。那么，到底还有什么办法能够帮助他渡过难关呢？3周宁是同济医院心血管内科的医生，他担任护心队副队长参加了重症监护病区1床患者的救治。据周宁介绍，护心小分队成立后，首先对光谷院区800多名住院患者的病历全部进行了梳理，发现有160多例或存在心脏等其他基础性疾病。周宁：经过这一段时间的观察，新冠肺炎患者，特别是重症和危重症患者，除了肺部的呼吸衰竭和低氧血症之外，还会出现其它各个脏器的损伤，其中心脏损伤是导致患者死亡的一个非常重要原因。由同济医院肾内科的医护人员们组成的护肾小分队，也在做着相似的工作。他们用三天的时间筛查了整个医院的800多名患者，包括细胞因子和淋巴细胞亚群检查。在更早的、对新冠肺炎重症患者的救治过程中，他们也发现了肾脏损害和炎症风暴等复杂的问题。有研究者形容：细胞因子风暴是一种强烈的求助信号，目的是让免疫系统霎时间火力全开。但这却是一种类似于自杀式的攻击，在损伤病毒的同时也给人体各个脏器留下一大堆连带伤害。同济医院肾内科医生何凡：现在大家公认的炎症风暴是（新冠肺炎）重症向危重症转化和进展的一个很重要的原因之一。于是，护肾小分队和护心小分队与华山医院援鄂医疗队的医护人们一起，开始了对1床患者的多学科联合救治。周宁：我带着我的护心小分队穿防护服进入到病房，亲自给他做的VV-ECMO植入。ECMO运转之前他的氧饱和度大约只有93%左右，运转开始后很快百分之百，达到了我们彻底纠正低氧血症的要求。这也就是说，他全身已经不出现低氧的情况了。另一方面，护肾小分队带来了CRRT（透析）机，在保证患者的血液酸碱、电解质平衡的同时清除炎症因子，这样对他的康复有帮助。42020年2月21日，1床患者停止了血液净化治疗，他体内的炎症因子并没有再增加，避免了细胞因子风暴的发生，各个脏器受到了保护。2月27日，他脱离了ECMO的辅助；28日，他彻底脱离有创呼吸机，顺利恢复自主呼吸。据同济医院光谷院区统计，到3月11日上午10时，17个病区中脱离有创呼吸机并拔管的患者共有10人，累计使用ECMO4人，其中脱机3人，正在治疗1人，累计行血液净化（CRRT）治疗165例次。在这里住院的每一位患者，只要病情需要，都会得到多个学科医生们共同的关注和救治。5对于很多患者来说，他们在度过了刚刚住院时短暂的情绪舒缓期后，就会呈现出各种各样的心理问题。在国家卫健委发布的《新冠肺炎诊疗方案》试行第七版中明确提出：“患者常存在焦虑恐惧情绪，应加强心理疏导”。据厦门援鄂医疗二队的随队心理专家丁丽君介绍，在二队里，一共配备了12名精神专科医护人员，从接管病区时开始，他们每天都会安排一名精神科护士进入隔离病房，为患者提供必要的心理支持。丁丽君：你能够把自己内心的这种感受说出来，这就是治疗最重要的一步。患者：是的，因为我没有人说，我也不敢跟家里人说，跟家里人说了他们也会有心理负担，他们更加担心。我之前谁都不敢说的，我家里人都不知道。然后现在把它全部都说出来了之后，自己心里的感受都说出来之后，我会心里舒服很多。由于新冠肺炎具有家庭聚集性感染的特点，还有一些重症患者的家人也在接受治疗或被隔离，甚至可能已经因新冠肺炎去世。他们要面对的是生理和心理上双重的困境。丁丽君：我们病房里现在就是有一位患者，他其实老伴也去世了，他也非常悲伤，但是他说他不想表露出来。但是我们做哀伤辅导的话，我们也是要取决于这个患者本身，他如果觉得说出来让他舒服一点，那我们就让他说，如果他觉得他说了更伤心，那我们就让他自己决定说还是不说。我们总是在那里。他如果想让我们陪伴，我们随时都可以。6从2月9日到3月11日上午10时，同济医院光谷院区已累计收治重症和危重症患者1315人，累计出院533人（含转方舱医院13人），仍在医院接受治疗711人。经历了最初的“战时”状态后，同济医院光谷院区渐渐进入平稳运行的日常状态。17支援鄂医疗队尽心尽责地看护各自病区的患者、护肾小分队依旧每天为需要的患者实施血液净化、插管小分队的工作量则已经减少了很多，而同济医院光谷院区医务处处长祝伟最关心的是如何让每支医疗队都发挥出最好的水平，从而进一步提高治愈率、降低死亡率。祝伟：通过这种交流，通过这种碰撞，来自于各地的医疗人员激发出火花，最后得出一些共识性的意见或看法，实际上对于我们更快地认识新冠肺炎这个疾病，更快对它的治疗形成一个非常好的印象，起到了非常重要的推动作用。湖北省卫健委公布的疫情数据显示，武汉市每日新增确诊病例一直不断下降。
2020年03月15日,深圳新增1例境外输入病例：菲律宾回国经香港入境_荔枝网新闻,荔枝新闻,trog荔枝新闻讯trog 截至3月14日24时，全省累计报告新冠肺炎确诊病例1357例，累计出院1303例，累计死亡8例。14日当天全省新增确诊病例1例，为深圳报告境外输入病例。新增出院4例。有1例疑似病例。有430名密切接触者正在接受医学观察。在院的46例确诊病例中，轻型1例，普通型28例，重型4例，危重型13例。深圳报告境外输入病例，患者3月13日下午从菲律宾马尼拉机场乘坐CX902航班，于北京时间22：20到达香港国际机场，入境时该患者体温正常（36.9℃），主动申报曾接触过新冠肺炎确诊病例，随后在深圳湾口岸隔离室和留验点隔离观察。3月14日深圳市疾控中心确认该患者新冠病毒核酸阳性，现在深圳市第三人民医院隔离治疗。截止目前，判定中国内地密接者6名，均已集中隔离医学观察，5人核酸阴性，1人结果待出，均未出现异常症状。省卫生健康委已将相关情况通报香港卫生部门。具体情况由深圳市卫生健康委进行通报。
2020年03月15日,再添两病例！意甲已11名球员新冠肺炎病毒检测呈阳性_荔枝网新闻,中国新闻网,中新网客户端3月15日电北京时间15日凌晨，来自意甲球队桑普多利亚的22岁意大利中场德保利与27岁波兰后卫贝雷辛斯基，相继通过社交媒体宣布自己的新冠肺炎病毒检测呈阳性。至此桑普多利亚已有7例球员病例，加之此前确认的佛罗伦萨3人与尤文图斯1人，截至记者发稿时，意甲已累计11名球员新冠肺炎病毒检测呈阳性。德保利写道：“嗨，朋友们，不幸的是，我的新冠病毒检测为阳性。我想向你们保证我很好。这个看不见的怪物肆无忌惮地打击着我们，但通过采取正确的措施并遵守卫生指令，我们可以赢得这一场最大的‘战疫’，变得比以往更加强大。慰问所有的感染者，并感谢所有帮助我们的医生。#待在家里”贝雷辛内斯基则表示：“不幸的是，我对新型冠状病毒进行了测试。我很好，最近也采取了适当的预防措施，但我仍然未能避免感染病毒。这就是为什么我要呼吁你们负责并尽可能待在家里的原因。”近期，意大利境内受疫情影响严重，意大利奥委会官网于当地时间9日发布公告，宣布受新冠肺炎疫情影响将暂停国内体育赛事至4月3日，其中包括正在进行的意甲联赛。即便比赛被紧急喊停，依然无法阻止疫情在这片赛场上蔓延。事实上，不仅意甲饱受疫情之苦，本周末，英超、西甲、德甲、法甲也悉数停赛，原定下周进行的欧战赛事与欧联杯比赛，也全部暂停。欧洲足坛，已集体进入抗“疫”的特殊状态。北京时间12日，意甲俱乐部尤文图斯官方宣布，队中后卫鲁加尼的新冠肺炎病毒检测结果呈阳性，目前没有症状。尤文图斯官方表示，正在启动所有法律规定的隔离程序，包括曾与鲁加尼有接触的人员。资料图为尤文图斯后卫鲁加尼。trog意甲感染新冠肺炎球员名单trogtrog如下trog（截至北京时间15日9时）：尤文图斯：鲁加尼桑普多利亚：德保利、贝雷辛斯基、加比亚迪尼、科莱、埃克达尔、拉古米纳、托斯比佛罗伦萨：佩塞利亚、库特罗内、弗拉霍维奇(完)
2020年03月15日,海南3月15日最新通报：无新增新冠肺炎确诊病例 现存确诊住院病例2例_荔枝网新闻,荔枝新闻,trog荔枝新闻讯trog3月14日0一24时，海南省报告新型冠状病毒肺炎新增确诊病例0例，新增重症病例0例，新增死亡病例0例，新增出院0例。截至3月14日24时，海南省累计报告新型冠状病毒肺炎确诊病例168例，重症病例0例，死亡病例6例，出院病例160例，现存确诊住院病例2例。确诊病例中，海口市39例、三亚市54例、儋州市15例、文昌市3例、琼海市6例、万宁市13例、东方市3例、澄迈县9例、临高县6例、昌江县7例、陵水县4例、定安县3例、保亭县3例、乐东县2例、琼中县1例。截至3月14日24时，追踪到密切接触者6397人，已解除医学观察6303人，尚有94人正在接受集中医学观察。
2020年03月15日,631人，全部治愈！江苏新冠肺炎在院确诊病例“动态清零”_荔枝网新闻,我苏网, trog我苏网专稿周安琪李瑶trog这也意味着，trog江苏已确诊的631例新冠肺炎患者全部治愈，实现了治愈率100%，确诊病例“零死亡”的目标。brtrog回顾过去这两个多月来的疫情阻击战，江苏闻声而动，以雷霆举措严防死守。广大医务工作者冲锋在前，全省人民上下齐心，并肩作战。经历了数十日“与病魔较量，与时间赛跑”的战斗，2月19日，江苏新增确诊人数首次“零增长”。trog今天，不仅全省在院病例实现了“动态清零”，江苏也已保持了连续25天的“零新增”。trog这是江苏战“疫”的阶段性胜利，也是全省人民共同努力的成果。来之不易，倍感珍惜。trog疫情期间，“治愈”成了最令人欣慰的消息，也是最动人的词语。我们为那些并不相识的治愈患者而欢欣鼓舞，如此深切地体会着休戚与共的意涵。trog我苏网梳理了江苏各地患者全部治愈的时间线：2月27日，泰州市37名新冠肺炎患者全部治愈出院，成为江苏第一个确诊病例全部治愈的设区市；2月28日，盐城也传来好消息，该市最后2名新冠肺炎确诊患者也治愈了，另有1名无症状感染者同步出院；2月29日，扬州市最后4例新冠肺炎确诊患者出院，全市累计确诊的23名新冠肺炎患者均已治愈；3月3日，南通最后3名新冠肺炎患者康复出院，40例患者全部治愈；就在同一天，宿迁市累计报告的13例新冠肺炎确诊病例也全部治愈；3月7日，常州市累计报告的51例患者全部治愈；3月8日，南京93例确诊患者全部治愈；同一天，镇江市第12例，也是最后一例新冠肺炎确诊患者治愈出院；3月9日，连云港48例确诊患者、淮安66例确诊患者也全部治愈；3月10日，苏州87例确诊患者全部治愈；3月12日，徐州市在院治疗的最后一例确诊患者出院，全市累计确诊的79位患者全部治愈。trog今天，我们等来了“江苏新增出院病例1例”的好消息，最后一位新冠肺炎确诊患者宣告治愈。trogtrog“治愈”背后，不仅有责任担当的勇气，严密防控的谋略，更有科学诊疗的智慧。trog扎实的前线医疗资源和科研力量，在江苏疫情防控工作中发挥了举足轻重的作用。trog 为拯救每一位患者的生命，江苏争分夺秒。在这样的部署下，一位位患者转危为安，康复出院，生活重新回归正轨。trogtrogtyle="color:rgb(51,153,102);"接受恢复期新冠肺炎患者血浆治疗的病情较重患者好转trog2月13日，盐城市一名73岁的新冠肺炎危重症患者接受恢复期新冠肺炎患者血浆治疗。据盐城市第一人民医院消息，2月15日，喜讯传来，患者核酸检测结果为阴性；徐州，一位80岁高龄的患者贾先生因基础病症较多，症状较重。2月14日，贾先生接受新冠肺炎康复者捐赠的血浆输注，2月26日、27日，又分别对其输注两次血浆加强治疗。3月4日，贾先生与和他同样感染新冠肺炎的儿子一起出院了。trog这两例都是江苏省内较早接受恢复期新冠肺炎患者血浆治疗后病情好转的病症较重患者。brtrogtrogtyle="color:rgb(51,153,102);"19月龄患儿诊疗全程未使用抗病毒药物trog2月12日，苏州市三名新冠肺炎确诊患者治愈出院，其中年龄最小的患者仅有19个月大，这也是苏州市首例治愈出院的幼儿患者。由于患儿年龄小，症状轻，经省市医疗专家组成员会诊，并不主张为他使用克力芝等抗病毒、抗细菌一类的“猛药”，而是有针对性地实施诊疗。患儿入院几天后，体温就恢复了正常。trogtyle="color:rgb(51,153,102);"确诊患者诞下健康的宝宝，自己也痊愈了trog苏州一位女性患者黄女士怀有身孕，在2月8日元宵节这天，苏州的医院组织专家组成临时救治小组，为患者成功实施剖宫产手术，诞下健康的宝宝。黄女士本人也于2月20日治愈出院。trogtyle="color:rgb(51,153,102);"在综合施治、精心呵护下，tyle="color:rgb(51,153,102);"江苏首位重症病例转危为安trog经历了35天隔离救护，2月29日下午，44岁的杨光（化名）治愈出院，他是江苏省首例新冠肺炎重型病例。省级专家组第一时间拿出“多种治疗手段综合施治”方案，包括无创呼吸支持，结合高流量氧疗；结合患者基础疾病情况采取针对性治疗等多种措施。江苏省首例重症患者的治愈，也更加坚定了医务工作者战胜病毒的信心。trogtyle="color:rgb(51,153,102);"全国首例新冠肺炎转阴患者双肺移植术在江苏成功开展trog2月29日，我囯著名肺移植专家陈静瑜教授团队，在无锡成功开展全国首例新冠肺炎转阴患者双肺移植手术。我苏网了解到，该名患者为59岁的连云港籍工程师。3月9日，这位由无锡、连云港两地接力救治的患者痊愈出院了。trogtyle="color:rgb(51,153,102);"使用气管插管的危重病人治愈出院trog67岁的患者仝某1月31日被徐州市传染病医院收治。2月5日，患者出现重度呼吸衰竭，徘徊在死亡边缘。经全力救治，2月13日，患者成功拔掉气管插管，随后病情逐渐稳定。这也是江苏省首例使用气管插管的危重病人成功拔管。3月12日，仝某治愈出院。trogtyle="color:rgb(51,153,102);"发挥重要作用的中医药治疗手段trog在江苏多地的新冠肺炎治疗过程中，中医药也发挥了重要作用。比如，南通市各定点收治医院对新冠肺炎患者进行了针对性中医药治疗，南通三院组方“抗新冠1号”“抗新冠2号”“抗新冠3号”，大大改善了患者临床疗效；泰州市中医专家组结合泰州地域、气候特点和前期的临床实践，讨论形成《泰州市中医药新冠肺炎诊疗方案》，提高了辨证施治精准度。暖意融融的三月，希望在萌芽。江苏在院确诊病例“动态清零”为我们全面战胜疫情提振了信心，也期待全国各地传来更多“治愈”的好消息。trog但是，“动态清零”绝不等于“零风险”，眼下疫情正在全球多国蔓延，“外防输入”的意识与个人防护措施更是丝毫不可松劲。trogtrog所以，一鼓作气，继续加油吧，江苏！trogtyle="color:rgb(51,153,102);"trog不失乐观，不疏防范；不获全胜，不言成功。trog
2020年03月15日,韩国15日通报：新增新冠肺炎确诊病例76例 累计确诊8162例_荔枝网新闻,央视新闻,据韩国卫生部门消息，截至当地时间15日0时，过去24小时韩国共报告确诊新增新型冠状病毒感染者76例，韩国累计确诊8162例，死亡75例，治愈并解除隔离834例。韩国新冠疫情单日新增确诊病例数进一步下降，此次新增确诊76例是新冠疫情在韩国快速发展3周多以来首次日新增确诊人数降至100以下。
2020年03月15日,浙江15日最新通报：新增境外输入确诊病例4例 累计确诊1231例_荔枝网新闻,荔枝新闻,trog荔枝新闻讯trog 2020年3月14日0-24时，浙江省新增新型冠状病毒肺炎确诊病例4例（均为境外输入病例），无新增出院病例。其中：新增确诊病例中，杭州市1例、丽水市3例。截至3月14日24时，浙江省累计报告新型冠状病毒肺炎确诊病例1231例（其中境外输入病例14例），现有重症病例2例（其中危重1例），累计死亡1例，累计出院1211例。其中：确诊病例中，杭州市182例（其中境外输入病例1例）、宁波市157例、温州市504例、湖州市12例（其中境外输入病例2例）、嘉兴市45例、绍兴市42例、金华市55例、衢州市14例、舟山市10例、台州市146例、丽水市28例（其中境外输入病例11例）、省十里丰监狱36例；重症病例中，温州市1例、嘉兴市1例；死亡病例中，温州市1例；出院病例中，杭州市179例、宁波市157例、温州市501例、湖州市10例、嘉兴市44例、绍兴市41例、金华市55例、衢州市14例、舟山市10例、台州市146例、丽水市18例、省十里丰监狱36例。浙江省共追踪到密切接触者42782人，当日解除医学观察61人，尚有903人正在接受医学观察。
2020年03月15日,江苏疫情地图：3月14日无新增确诊病例，目前在院确诊病例“清零”_荔枝网新闻,江苏广电融媒体新闻中心,据江苏卫健委3月15日通报：2020年3月14日0-24时，trog江苏省无新增新型冠状病毒肺炎确诊病例，新增出院病例1例。trogtrog截至3月14日24时，江苏省累计报告新型冠状病毒肺炎确诊病例631例。trog其中，南京市93例、无锡市55例、徐州市79例、常州市51例、苏州市87例、南通市40例、连云港市48例、淮安市66例、盐城市27例、扬州市23例、镇江市12例、泰州市37例、宿迁市13例。trog累计出院病例631例。trog目前，江苏省追踪到密切接触者12652人，已解除医学观察12634人，尚有18人正在接受医学观察。trog专家提醒：虽然目前在院确诊病例“清零”，但不等于“零风险”。trog当前，境外疫情形势很严峻，必须慎终如始，严防输入，对疫情的警惕性不能放松，对防控的要求不能降低，确保工作不松劲、疫情不反弹。公众要继续保持防范意识，养成良好的卫生习惯，比如戴口罩，勤洗手，注意咳嗽礼仪，室内每日通风清洁，尽量减少聚集，有效降低感染风险。全省二级以上医院已全面实行预约诊疗。为减少人员聚集，缩短在医院等候时间，请大家提前通过网络挂号、手机APP预约、电话预约、短信预约、诊间预约、门诊现场自助预约等多种渠道预约挂号。为进一步提高疫情防控工作的科学性、精准性，适应长三角一体化防控需求，“苏康码”已全面上线，可通过江苏政务服务APP或支付宝江苏政务服务小程序申领。老人、儿童等特殊人群，可由具备申请条件的申报人以附属卡形式申领。在疫情防控期间，“苏康码”将作为日常出行的重要凭证。
2020年03月15日,3月14日，四川无新增确诊病例，新增治愈出院病例5例_荔枝网新闻,荔枝新闻,trog荔枝新闻讯trog据健康四川官微消息：3月14日0-24时，四川新型冠状病毒肺炎无新增确诊病例，新增治愈出院病例5例，无新增疑似病例，无新增死亡病例。截至3月14日0时，我省累计报告新型冠状病毒肺炎确诊病例539例，涉及21个市（州）。我省已连续10天无新增确诊病例。全省现有无现症病例区（低风险县&lt;市、区&gt;）182个、散发病例区（中风险县&lt;市、区&gt;）1个，无社区暴发和局部流行区（高风险县&lt;市、区&gt;）。（过去24小时新增锦江区、郫都区、江阳区等24个县（市、区）为低风险县&lt;市、区&gt;）。539名确诊患者中，正在住院隔离治疗21人（其中危重1人），已治愈出院515人，死亡3人。现有疑似病例0例。现有226人正在接受医学观察。
2020年03月15日,北京无新增新冠肺炎本地确诊病例 境外输入5例_荔枝网新闻,荔枝新闻,trog荔枝新闻讯trog据北京卫健委官方微博消息，3月14日0时至24时，北京市无新增报告新冠肺炎本地确诊病例。新增报告疑似病例1例。新增报告境外输入新冠肺炎确诊病例5例，其中西班牙3例、意大利1例、泰国1例。疑似病例8例，其中西班牙3例，美国、挪威、日本、意大利、英国各1例。密切接触者12人。截至3月14日24时，累计报告境外输入确诊病例27例。昨日治愈出院病例4例，均为女性，年龄最小的11岁，最大的57岁。截至3月14日24时，本地累计确诊病例415例，治愈出院病例353例，死亡病例8例。现有疑似病例37例。累计确定密切接触者3797人，其中475人尚在隔离医学观察中。确诊病例中东城区14例、西城区53例、朝阳区72例、海淀区63例、丰台区43例、石景山区14例、门头沟区3例、房山区16例、通州区19例、顺义区10例、昌平区29例、大兴区39例、怀柔区7例、密云区7例、延庆区1例，平谷区尚未有病例，外地来京病例25例。北京市有12个区已连续14天以上无新增确诊病例，具体为平谷区自有疫情以来无报告病例，延庆区51天，门头沟区41天，怀柔区37天，顺义区35天，密云区32天，石景山区30天，大兴区30天，房山区27天，昌平区26天，西城区24天，通州区24天。
2020年03月15日,辽宁无新增确诊无新增治愈 现有11名确诊患者_荔枝网新闻,荔枝新闻,trog荔枝新闻讯trog 2020年3月14日0时至24时，辽宁省无新增新型冠状病毒肺炎确诊病例，无新增治愈出院病例。全省累计报告新型冠状病毒肺炎确诊病例125例，治愈出院113例，死亡1例。现有11名确诊患者在院治疗，其中有10名在沈阳、大连、锦州三个省集中救治中心治疗（沈阳中心2人、大连中心6人、锦州中心2人），1名在朝阳市定点医疗机构隔离治疗。11名在治患者中，危重型病例1例，无重型病例。全省125例确诊病例中，沈阳市28例、大连市19例、鞍山市4例、本溪市3例、丹东市11例、锦州市12例、营口市1例、阜新市8例、辽阳市3例、铁岭市7例、朝阳市6例、盘锦市11例、葫芦岛市12例。目前累计追踪到确诊病例密切接触者3052人，已解除医学观察3046人，现有6人正在接受医学观察。
2020年03月15日,河南无新增本地确诊病例 新增出院病例1例_荔枝网新闻,荔枝新闻,trog荔枝新闻讯 trog2020年3月14日0-24时，河南省无新增本地新冠肺炎确诊病例，新增出院病例1例。截至3月14日24时，全省累计报告本地新冠肺炎确诊病例1272例，无重症病例，无危重病例，累计死亡病例22例，累计出院病例1250例。其中：确诊病例中，信阳市274例（含固始县31例）、郑州市157例（含巩义市9例）、南阳市156例（含邓州市17例）、驻马店市139例（含新蔡县10例）、商丘市91例（含永城市14例）、周口市76例（含鹿邑县7例）、平顶山市58例（含汝州市1例）、新乡市57例（含长垣市13例）、安阳市53例（含滑县2例）、许昌市39例、漯河市35例、焦作市32例、洛阳市31例、开封市26例（含兰考县5例）、鹤壁市19例、濮阳市17例、三门峡市7例、济源示范区5例。河南省现有1例境外输入确诊病例。自1月21日起，河南省已累计追踪到密切接触者39439人。3月14日已解除观察26人，目前有135人正在接受医学观察。
2020年03月15日,陕西无新增确诊和疑似病例 累计232例治愈出院_荔枝网新闻,荔枝新闻,trog荔枝新闻讯trog 2020年3月14日8时至15日8时，陕西无新增新冠肺炎确诊病例，新增疑似病例0例。截至3月15日8时，陕西累计报告新冠肺炎确诊病例245例（232例治愈出院，2例死亡）。全省现有疑似病例0例。全省新增密切接触者2人（协查），累计18978人，均集中医学观察。新增解除密切接触者0人，累计解除密切接触者18937人。
2020年03月15日,贵州无新增确诊病例 尚在接受医学观察13人_荔枝网新闻,荔枝新闻,trog荔枝新闻讯trog 2020年3月14日12—24时，全省新型冠状病毒肺炎无新增确诊病例。截至3月14日24时，全省累计报告新型冠状病毒肺炎病例146例。其中，51例有武汉旅居史，14例有武汉外湖北其他地区旅居史，15例有湖北以外地区旅居史；治愈出院143例，在院治疗1例（普通型），死亡2例；男性74例，女性72例；年龄最大87岁，最小1个月（确诊时间）；贵阳市36例（治愈34例，死亡1例），遵义市32例（治愈32例），六盘水市10例（治愈9例,死亡1例），安顺市4例(治愈4例），毕节市23例（治愈23例），铜仁市10例（治愈10例），黔东南州10例（治愈10例），黔南州17例（治愈17例），黔西南州4例（治愈4例）。现无疑似病例。累计追踪密切接触者2574人，已解除医学观察2489人，尚在接受医学观察13人。tyle="fot-ize:13x;"注：媒体引用时，请标注“信息来自贵州省卫生健康委员会官方网站”。
2020年03月15日,3月15日最新发布：3月14日江苏无新增新型冠状病毒肺炎确诊病例_荔枝网新闻,健康江苏,据江苏省卫健委3月15日权威发布，2020年3月14日0-24时，江苏省无新增新型冠状病毒肺炎确诊病例，新增出院病例1例。截至3月14日24时，江苏省累计报告新型冠状病毒肺炎确诊病例631例。其中，南京市93例、无锡市55例、徐州市79例、常州市51例、苏州市87例、南通市40例、连云港市48例、淮安市66例、盐城市27例、扬州市23例、镇江市12例、泰州市37例、宿迁市13例。累计出院病例631例。目前，江苏省追踪到密切接触者12652人，已解除医学观察12634人，尚有18人正在接受医学观察。专家提醒：虽然目前在院确诊病例“清零”，但不等于“零风险”。当前，境外疫情形势很严峻，必须慎终如始，严防输入，对疫情的警惕性不能放松，对防控的要求不能降低，确保工作不松劲、疫情不反弹。公众要继续保持防范意识，养成良好的卫生习惯，比如戴口罩，勤洗手，注意咳嗽礼仪，室内每日通风清洁，尽量减少聚集，有效降低感染风险。全省二级以上医院已全面实行预约诊疗。为减少人员聚集，缩短在医院等候时间，请大家提前通过网络挂号、手机APP预约、电话预约、短信预约、诊间预约、门诊现场自助预约等多种渠道预约挂号。为进一步提高疫情防控工作的科学性、精准性，适应长三角一体化防控需求，“苏康码”已全面上线，可通过江苏政务服务APP或支付宝江苏政务服务小程序申领。老人、儿童等特殊人群，可由具备申请条件的申报人以附属卡形式申领。在疫情防控期间，“苏康码”将作为日常出行的重要凭证。
2020年03月15日,3月15日最新发布：3月14日江苏无新增新型冠状病毒肺炎确诊病例_荔枝网新闻,我苏网,trog我苏网讯trog 据江苏省卫健委3月15日权威发布，2020年3月14日0-24时，江苏省无新增新型冠状病毒肺炎确诊病例，新增出院病例1例。截至3月14日24时，江苏省累计报告新型冠状病毒肺炎确诊病例631例。其中，南京市93例、无锡市55例、徐州市79例、常州市51例、苏州市87例、南通市40例、连云港市48例、淮安市66例、盐城市27例、扬州市23例、镇江市12例、泰州市37例、宿迁市13例。累计出院病例631例。目前，江苏省追踪到密切接触者12652人，已解除医学观察12634人，尚有18人正在接受医学观察。专家提醒：虽然目前在院确诊病例“清零”，但不等于“零风险”。当前，境外疫情形势很严峻，必须慎终如始，严防输入，对疫情的警惕性不能放松，对防控的要求不能降低，确保工作不松劲、疫情不反弹。公众要继续保持防范意识，养成良好的卫生习惯，比如戴口罩，勤洗手，注意咳嗽礼仪，室内每日通风清洁，尽量减少聚集，有效降低感染风险。全省二级以上医院已全面实行预约诊疗。为减少人员聚集，缩短在医院等候时间，请大家提前通过网络挂号、手机APP预约、电话预约、短信预约、诊间预约、门诊现场自助预约等多种渠道预约挂号。为进一步提高疫情防控工作的科学性、精准性，适应长三角一体化防控需求，“苏康码”已全面上线，可通过江苏政务服务APP或支付宝江苏政务服务小程序申领。老人、儿童等特殊人群，可由具备申请条件的申报人以附属卡形式申领。在疫情防控期间，“苏康码”将作为日常出行的重要凭证。（来源：健康江苏）
2020年03月15日,桃红柳绿景色宜人 疫情难掩芳华 春色如约而至_荔枝网新闻,扬州日报,新冠肺炎疫情阻挡不了春回大地。连日来，扬州市气温转暖，瘦西湖景区桃红柳绿，景色宜人；郊外是一望无际的金色花海与绿油油的麦田，市民趁着大好春光走出家门，戴着口罩欣赏满眼春色，大家拿起相机记录下不一样的春天。
2020年03月15日,湖北15日最新通报：新增新冠肺炎确诊病例4例 新增出院1335例_荔枝网新闻,荔枝新闻,trog荔枝新闻讯trog 2020年3月14日0—24时，湖北新增新冠肺炎确诊病例4例，其中：武汉市4例，其他16个市州均为0例。无境外输入性病例。湖北新增病亡10例，其中：武汉市10例，其他16个市州均为0例。湖北新增出院1335例，其中：武汉市1181例、鄂州市60例、随州市21例、孝感市16例、襄阳市10例、荆州市9例、黄石市8例、黄冈市8例、宜昌市6例、仙桃市6例、荆门市4例、恩施州3例，十堰市1例、咸宁市1例、天门市1例、潜江市0例、神农架林区0例。截至2020年3月14日24时，全省累计报告新冠肺炎确诊病例67794例，其中：武汉市49999例、孝感市3518例、黄冈市2907例、荆州市1580例、鄂州市1394例、随州市1307例、襄阳市1175例、黄石市1015例、宜昌市931例、荆门市928例、咸宁市836例、十堰市672例、仙桃市575例、天门市496例、恩施州252例、潜江市198例、神农架林区11例。湖北累计治愈出院54278例，其中：武汉市37632例、孝感市3253例、黄冈市2738例、荆州市1483例、鄂州市1272例、随州市1213例、襄阳市1125例、黄石市948例、宜昌市864例、荆门市864例、咸宁市819例、十堰市630例、仙桃市526例、天门市477例、恩施州241例、潜江市182例、神农架林区11例。湖北累计病亡3085例，其中：武汉市2456例、孝感市126例、黄冈市125例、鄂州市57例、荆州市50例、随州市45例、荆门市39例、黄石市38例、襄阳市38例、宜昌市36例、仙桃市22例、天门市15例、咸宁市14例、潜江市9例、十堰市8例、恩施州7例、神农架林区0例。目前仍在院治疗9376例，其中：重症2551例、危重症612例，均在定点医疗机构接受隔离治疗。现有疑似病例18人，当日新增1人，当日排除17人，集中隔离18人。累计追踪密切接触者275362人，尚在接受医学观察5281人。
2020年03月15日,3月14日广西无新增确诊病例_荔枝网新闻,荔枝新闻,trog荔枝新闻讯trog3月14日0-24时，我区无新增确诊病例；无新增疑似病例；无新增死亡病例。目前全区累计报告确诊病例252例，累计出院243例，累计死亡2例。现有在治确诊病例7例，其中重症病例1例，危重病例3例。全区现无疑似病例，现有输入性密切接触者12人正在接受集中隔离医学观察。
2020年03月15日,全球新冠肺炎累计病例数已突破15万例_荔枝网新闻,新华社,新华社快讯：据美国约翰斯·霍普金斯大学发布的实时统计数据，截至美国东部时间14日20时（北京时间15日8时），全球新冠肺炎累计病例数已突破15万例。
2020年03月15日,华纳宣布《蝙蝠侠》停拍两周 《神奇动物3》等暂无变动_荔枝网新闻,娱情记事本,3月15日，因新冠肺炎疫情扩散，华纳的DC超级英雄新片《蝙蝠侠》宣布停拍。该片近日在英国拍摄，正要移师利物浦，此前《综艺》曾爆料称该片不打算停工，如今华纳宣布：将停拍两星期，他们也会密切监控情况。THR等多家媒体最新也透露：华纳别的在拍新片目前还没有宣布停工，《黑客帝国4》结束了美国旧金山的拍摄，正要去到德国柏林，《国王理查德》正在洛杉矶拍摄，《神奇动物去哪里3》仍计划下周一在英国伦敦开拍。但这些随时可能有变。此外，《自杀小队2》和休·杰克曼、丽贝卡·弗格森、吴彦祖出演的科幻爱情片《回忆》以及丹泽尔·华盛顿、拉米·马雷克、杰瑞德·莱托出演的罪案惊悚片《小事》都拍完了，目前在后期制作中。《黑亚当》和《海王2》分别要等到8月和明年开拍（《沙赞2》应该也是今年晚些时候），暂无停工担忧。
2020年03月15日,截至3月14日24时新型冠状病毒肺炎疫情最新情况_荔枝网新闻,国家卫健委,3月14日0—24时，31个省（自治区、直辖市）和新疆生产建设兵团报告新增确诊病例20例，新增死亡病例10例（湖北10例），新增疑似病例39例。当日新增治愈出院病例1370例，解除医学观察的密切接触者1409人，重症病例减少384例。截至3月14日24时，据31个省（自治区、直辖市）和新疆生产建设兵团报告，现有确诊病例10734例（其中重症病例3226例），累计治愈出院病例66911例，累计死亡病例3199例，累计报告确诊病例80844例，现有疑似病例113例。累计追踪到密切接触者679759人，尚在医学观察的密切接触者10189人。湖北新增确诊病例4例（武汉4例），新增治愈出院病例1335例（武汉1181例），新增死亡病例10例（武汉10例），现有确诊病例10431例（武汉9911例），其中重症病例3163例（武汉3058例）。累计治愈出院病例54278例（武汉37632例），累计死亡病例3085例（武汉2456例），累计确诊病例67794例（武汉49999例）。新增疑似病例1例（武汉1例），现有疑似病例18例（武汉15例）。3月14日0—24时，新增报告境外输入确诊病例16例（北京5例，浙江4例，上海3例，甘肃3例，广东1例）。截至3月14日24时，累计报告境外输入确诊病例111例。累计收到港澳台地区通报确诊病例204例：香港特别行政区141例（出院81例，死亡4例），澳门特别行政区10例（出院10例），台湾地区53例（出院20例，死亡1例）。
2020年03月15日,上海新增1例境外输入型确诊病例_荔枝网新闻,荔枝新闻,trog荔枝新闻讯trog2020年3月14日12—24时，上海市排除新型冠状病毒肺炎疑似病例14例；新增1例确诊病例，为通过联防联控机制发现的境外输入型病例。该确诊病例为中国浙江籍，在意大利生活，3月11日自意大利米兰出发，经德国法兰克福转机，于3月12日抵达上海浦东国际机场，入关后即被集中隔离观察。综合流行病学史、临床症状、实验室检测结果和影像学检查等，诊断为确诊病例。截至3月14日24时，上海市已累计发现确诊病例353例。确诊病例中，男性185例，女性168例；年龄最大88岁，最小7月龄；145例有湖北居住或旅行史，34例有湖北以外地区居住或旅行史，159例有相关病例接触史,4例有伊朗居住史，8例有意大利居住史，1例有美国居住史，1例有法国居住史，1例有西班牙居住史；外地来沪人员111例，境外输入人员15例，本市常住人口227例。确诊病例中，现有26例在院治疗，其中17例病情平稳，8例病情危重,1例重症；324例治愈出院；3例死亡。尚有30例疑似病例正在排查中，其中21例是通过联防联控机制发现的境外输入型疑似病例。
2020年03月15日,研究显示儿童新冠肺炎诊治需重视粪口传播_荔枝网新闻,新华社,新华社伦敦3月13日电中国一个团队13日在期刊《自然·医学》上发表研究说，很多儿童感染新冠病毒后临床表现与成人患者有差异，而研究人员发现，对儿童患者来说病毒经粪口传播的可能性较高，从这个角度去诊断和治疗可能效果更佳。澳门科技大学医学院和广州市妇女儿童医疗中心研究人员合作完成了这项研究。据研究团队介绍，很多情况下儿童与成人相比，感染新冠病毒后的临床表现反而不严重，往往没有成人患者们普遍出现的高烧、咳嗽和乏力等临床表现，许多儿童患者肺部X光片和实验室指标也无明显病变特征。报告通讯作者、澳门科技大学医学院教授张康接受新华社记者邮件采访时说：“出现这种情况，我们认为可能和儿童对新冠病毒的免疫力比成年人，特别是老年人更强有关；同时，儿童患者粪便中可检测出新冠病毒核酸，并且阳性显示时间和载量均高于呼吸道样本中的相关检测结果，因此粪口传播的可能性较高。”研究团队表示，从这项研究来看，肛拭子比咽拭子能更准确地诊断儿童是否感染新冠病毒并让医护人员更好地判断治疗效果。另一位通讯作者、广州市妇女儿童医疗中心教授龚四堂说，由于儿童和成年人感染后的临床表现差异，在对这一疾病的预防上应该有所区别，对体弱的老年人群应该更多地关注。
2020年03月15日,内蒙古无新增确诊病例无新增治愈病例 目前在诊3例_荔枝网新闻,荔枝新闻,trog荔枝新闻讯 trog据内蒙古卫健委消息，2020年3月14日7时至15日7时，内蒙古自治区报告无新增新冠肺炎确诊病例，无新增疑似病例，无新增治愈出院病例。截至3月15日7时，内蒙古自治区累计报告新冠肺炎确诊病例75例，现存确诊病例3例，治愈出院71例，死亡病例1例。其中，现存确诊病例3例为：1.包头市土默特右旗2例2.呼和浩特市玉泉区1例目前，尚在接受医学观察的密切接触者25人，均为外省市区新冠肺炎病例密切接触者（呼和浩特市10人、包头市2人、呼伦贝尔市1人、通辽市3人、赤峰市3人、锡林郭勒盟1人、乌海市1人、阿拉善盟4人。其中呼和浩特市当日新增1人、包头市当日新增2人）。当日解除医学观察1人。
2020年03月15日,重庆无新冠肺炎新增确诊病例 新增治愈出院病例3例_荔枝网新闻,荔枝新闻,trog荔枝新闻讯 trog2020年3月14日0—24时，重庆市无新冠肺炎新增确诊病例报告，新增治愈出院病例3例。新增治愈出院病例中，綦江区1例、大足区1例、荣昌区1例。截至3月14日24时，重庆市现有在院确诊病例1例（普通型病例），累计死亡病例6例，累计治愈出院病例569例，累计报告确诊病例576例。累计追踪到密切接触者23692人，已解除医学观察23624人，尚有68人正在接受医学观察。具体情况如下：
2020年03月15日,山西无新增确诊者累计确诊133例 现有疑似病例为0_荔枝网新闻,荔枝新闻,trog荔枝新闻讯trog 2020年3月14日0时至24时，山西省无新增新型冠状病毒肺炎确诊病例，累计报告确诊病例133例。无新增治愈出院病例，累计治愈出院133例。无在院隔离治疗确诊病例。无新增疑似病例，现有疑似病例0例。累计追踪到密切接触者4209人，当日解除医学观察4人，尚在医学观察的密切接触者57人。单位：例
2020年03月15日,日本国内新冠肺炎单日新增病例首超60例 累计确诊772例_荔枝网新闻,人民日报,据日本广播协会电视台报道，截至当地时间3月14日23时，日本当天新增62例新冠肺炎患者，累计确诊772例，累计死亡22人。除“钻石公主”号邮轮外，日本首次单日新增新冠肺炎患者超过60人。除了在日本国内确诊的772例之外，还有“钻石公主”号邮轮累计确诊697例，累计死亡7人；从武汉乘坐包机返回者累计确诊14例。截至13日，日本国内目前还有46名重症患者正在医院接受治疗，包括“钻石公主”号邮轮上的乘客和船员在内，日本已有525人出院。此外，日本首相安倍晋三在14日傍晚的记者会上表示，日本目前还没有达到宣布进入紧急事态的条件。
2020年03月15日,法国累计确诊新冠肺炎4500例，疫情升至第三阶段_荔枝网新闻,人民日报,法国卫生部下属的卫生总署署长热罗姆·萨洛蒙在14日的新闻发布会上通报说，截至当日法国累计确诊新冠肺炎病例4500例，较昨日新增839例。其中新增死亡12例，累计死亡91例，重症300例。萨洛蒙表示，鉴于病毒已在全国范围内流行，法国疫情升级至第三阶段。法国总理菲利普14日晚宣布，当晚12点开始，法国国内所有餐馆、咖啡馆、电影院、舞厅和其他非必要公共场所都将关闭，并要求市民尽可能少出门。他同时重申，第一轮市镇选举仍将按计划在本周日举行。
2020年03月15日,返岗率91%，复产率96%！无锡市建筑工地“春潮奔涌”_荔枝网新闻,无锡观察,随着新冠肺炎疫情防控形势持续向好，无锡市各建筑工程项目同步吹响“集结号”，迎来复工复产。记者从市住建局了解到，无锡市已有1127个建筑工地实现复产，复产率达96%；建筑工人到位98000人，返岗率达91%，5天之内新到位约5万人。据悉，为更好地助力施工企业疫情防控和复工复产工作，13日，全市住建系统分别在8个板块成立“一对一”帮扶组，并紧急调配了20万只医用外科口罩，免费发送给了一线建筑工人。trog雅居乐A地块trog在经开区雅居乐A地块项目工地，一支房地产建设的“复工进行曲”悄然奏响。“工地到位员工现近400人，还有近100人也已联系到位，即将返锡。”项目经理周进均表示，凡是准备复工的建筑工人都要进行锡康码核验，确保健康上岗。trog地铁4号线具区路车辆段trog不远处，地铁4号线具区路车辆段项目工地上，600多名施工人员全员复工，60余台工程车辆来来回回，全面复工已近20天。项目书记曹卫标介绍，工地目前已完成总工程量的10%，明年年底前可全面竣工。trog凤翔路快速化改造2标段trog凤翔路快速化改造2标段现场，除15名仍在湖北老家的管理人员外，其余191名施工人员早已各就各位，精神抖擞地投入了建设。目前的重点工作是改造横跨锡北运河的老胡家渡桥。“现在工人们正在逐一切割桥面，4月底可将老胡家渡桥拆除。”项目现场技术负责人孙立国表示，其余路面部门正在实施高架下部结构施工，预计到明年春节，2标段工程可全面竣工。短时间内如何召回规模如此庞大的建筑工人，市住建系统着实下了一番功夫。前阶段，全市住建系统直接组织了100余趟大巴车赴安徽、苏北等地陆续接回2000余名建筑工人，后又与市建筑劳务协会合作，通过组织专车和其它交通方式赴安徽河南等劳务大省接回2万余名建筑工人，同时又新招录了2万余名。“抓复工，同时还要做到防疫和安全生产两手硬。”市住建局人士表示，每个工地均配有安全质量监督员，进行安全宣传的同时，还将严格督促做好各项防疫工作。“工人返岗积极性很高，剩下极少一部分未到位员工，主要来自疫情高风险地区，有的未能及时到锡，有的已到锡人员还未解除居家隔离。”市住建局相关负责人表示，全市住建系统已对来自中高风险地区的建筑工人实现核酸检测全覆盖，在助力工地复产上，还将通过“一对一”帮扶组一企一档协调解决交通运输、住宿、餐饮、原材料供应等方面碰到的困难和问题，克服一起，销号一起，实现闭环管理。
2020年03月15日,返岗率91%，复产率96%！无锡市建筑工地“春潮奔涌”_荔枝网新闻,无锡观察,随着新冠肺炎疫情防控形势持续向好，无锡市各建筑工程项目同步吹响“集结号”，迎来复工复产。记者从市住建局了解到，无锡市已有1127个建筑工地实现复产，复产率达96%；建筑工人到位98000人，返岗率达91%，5天之内新到位约5万人。据悉，为更好地助力施工企业疫情防控和复工复产工作，13日，全市住建系统分别在8个板块成立“一对一”帮扶组，并紧急调配了20万只医用外科口罩，免费发送给了一线建筑工人。trog雅居乐A地块trog在经开区雅居乐A地块项目工地，一支房地产建设的“复工进行曲”悄然奏响。“工地到位员工现近400人，还有近100人也已联系到位，即将返锡。”项目经理周进均表示，凡是准备复工的建筑工人都要进行锡康码核验，确保健康上岗。trog地铁4号线具区路车辆段trog不远处，地铁4号线具区路车辆段项目工地上，600多名施工人员全员复工，60余台工程车辆来来回回，全面复工已近20天。项目书记曹卫标介绍，工地目前已完成总工程量的10%，明年年底前可全面竣工。trog凤翔路快速化改造2标段trog凤翔路快速化改造2标段现场，除15名仍在湖北老家的管理人员外，其余191名施工人员早已各就各位，精神抖擞地投入了建设。目前的重点工作是改造横跨锡北运河的老胡家渡桥。“现在工人们正在逐一切割桥面，4月底可将老胡家渡桥拆除。”项目现场技术负责人孙立国表示，其余路面部门正在实施高架下部结构施工，预计到明年春节，2标段工程可全面竣工。短时间内如何召回规模如此庞大的建筑工人，市住建系统着实下了一番功夫。前阶段，全市住建系统直接组织了100余趟大巴车赴安徽、苏北等地陆续接回2000余名建筑工人，后又与市建筑劳务协会合作，通过组织专车和其它交通方式赴安徽河南等劳务大省接回2万余名建筑工人，同时又新招录了2万余名。“抓复工，同时还要做到防疫和安全生产两手硬。”市住建局人士表示，每个工地均配有安全质量监督员，进行安全宣传的同时，还将严格督促做好各项防疫工作。“工人返岗积极性很高，剩下极少一部分未到位员工，主要来自疫情高风险地区，有的未能及时到锡，有的已到锡人员还未解除居家隔离。”市住建局相关负责人表示，全市住建系统已对来自中高风险地区的建筑工人实现核酸检测全覆盖，在助力工地复产上，还将通过“一对一”帮扶组一企一档协调解决交通运输、住宿、餐饮、原材料供应等方面碰到的困难和问题，克服一起，销号一起，实现闭环管理。
2020年03月15日,西班牙首相：在全国实施“封城” 政府将随时动用武装力量_荔枝网新闻,央视新闻,西班牙首相桑切斯在当地时间14日晚在首相府宣布，西班牙将从即日起为对抗新冠疫情施行“封城”的措施，全国人民的出行将会受到最大程度的限制，西班牙政府将全力对抗新冠病毒的蔓延。当地时间3月14日，在经过长达7小时的内阁会议后，西班牙首相桑切斯在首相府宣布了西班牙应对新冠疫情的全新举措，桑切斯宣布全西班牙将从即日起进入封城状态，全西班牙人民的行动都将受到限制，除购买食品，就医和工作等活动外，人们必须待在家中，不得在街上走动，政府将随时动用武装力量施行该措施。非必要的公共场所，如商业区，博物馆，图书馆，餐馆等将全部对公众关闭，同时全国公共交通和私人交通流量也将加以限制。疫情期间，西班牙政府将动用一切资源全力支持广大医护人员的工作。桑切斯表示，西班牙目前处于对抗新冠病毒的关键阶段，政府将尽全力保护广大公民的健康，同时整个国家将全力施行现有措施，以战胜新冠病毒。截至当地时间14日晚间，西班牙全国新冠肺炎确诊病例累计达6393例，其中死亡195例，重症272例，治愈571例。
2020年03月15日,西班牙累计确诊6393例新冠肺炎确诊病例 正式限制人员自由流动_荔枝网新闻,央视新闻,西班牙首相桑切斯在当地时间14日晚在首相府宣布，西班牙将从即日起为对抗新冠疫情施行“封城”的措施，全国人民的出行将会受到最大程度的限制，西班牙政府将全力对抗新冠病毒的蔓延。当地时间3月14日，在经过长达7小时的内阁会议后，西班牙首相桑切斯在首相府宣布了西班牙应对新冠疫情的全新举措，桑切斯宣布全西班牙将从即日起进入封城状态，全西班牙人民的行动都将受到限制，除购买食品，就医和工作等活动外，人们必须待在家中，不得在街上走动，政府将随时动用武装力量施行该措施。非必要的公共场所，如商业区，博物馆，图书馆，餐馆等将全部对公众关闭，同时全国公共交通和私人交通流量也将加以限制。疫情期间，西班牙政府将动用一切资源全力支持广大医护人员的工作。桑切斯表示，西班牙目前处于对抗新冠病毒的关键阶段，政府将尽全力保护广大公民的健康，同时整个国家将全力施行现有措施，以战胜新冠病毒。截至当地时间14日晚间，西班牙全国新冠肺炎确诊病例累计达6393例，其中死亡195例，重症272例，治愈571例。
2020年03月15日,意大利累计确诊新冠肺炎病例21157例 死亡1441例_荔枝网新闻,央视新闻,当地时间3月14日18时，意大利民防部门负责人、新冠病毒应急委员会专员安杰洛·博雷利在例行疫情新闻发布会上表示，该国现存新冠肺炎病例17750例，其中重症病患1518例；累计治愈1966人；新增死亡病例175例，累计死亡1441例。
2020年03月15日,世卫组织：中国以外新冠肺炎确诊超过六万例_荔枝网新闻,央视新闻,
2020年03月15日,恶意商标注册申请将记入信用档案_荔枝网新闻,经济日报,日前，国家知识产权局下发关于严厉打击与新冠肺炎疫情相关非正常商标申请代理行为的通知，部署开展专项整治行动。《通知》提出，各地将加快建立健全商标代理信用记录档案，将有关违法违规行为记入代理机构和个人信用档案，及时报送国家知识产权局并向社会公布，同时依照规定与相关部门开展联合惩戒，并在有关知识产权扶持激励政策实施、品牌机构培育、人才选拔等工作中予以严格限制或取消资格。继3月3日依法驳回“火神山”“雷神山”“钟南山”等63件恶意商标注册申请后，37件“李文亮”商标注册申请也于3月5日被国家知识产权局依法驳回。目前，国家知识产权局已对“火神山”“雷神山”等1500余件与此次新冠肺炎疫情相关的商标注册申请实施管控，筛查了参与相关代理业务的商标代理机构，并已转送所在省（区、市）知识产权局查办。今后还将持续加大对与疫情防控相关非正常商标申请代理行为的监控排查力度，及时转送查办。记者了解到，各地将根据国家知识产权局转办的代理非正常商标申请行为线索，立即组织立案调查，对不当行为责令其立即整改；对存在违法违规行为的，报请国家知识产权局依法停止受理其办理商标代理业务；对触犯刑法等相关法律的，及时移送相关部门处理。3月6日，中华商标协会商标代理分会纪律和规则委员会决定对国家知识产权局商标局已公布的涉及“火神山”等63件与疫情相关具有不良影响商标代理行为的8家商标代理机构会员，予以不良信用信息记录。
2020年03月15日,山东紧急拨付1亿元支持农作物病虫害防控和动物防疫_荔枝网新闻,央视新闻,为积极应对新冠肺炎疫情，支持春季农业生产和畜牧业健康发展，山东省省财政近日紧急拨付乡村振兴重大专项资金1.016亿元，支持各地统筹做好新冠肺炎疫情防控期间农作物病虫害防控和动物防疫工作。拨付资金7400万元，支持各地开展小麦病虫、草地贪夜蛾和蝗虫防控，提高重大病虫疫情监测和防控能力，保障粮食安全和农业丰收。拨付资金2760万元，支持各地做好动物防疫工作，保障动物卫生监督检查站、动物隔离场等建设和运转，健全完善山东全省动物疫病检疫网络，保障畜牧业生产安全。
2020年03月15日,疫期擅开线下绘画培训 吊销执照外机构或被追刑责_荔枝网新闻,法制日报,为有效阻断疫情传播扩散渠道，北京市教委早在1月26日就发布公告，要求暂停全市各类校外培训机构所有线下课程和集体活动。但仍有少数培训机构不执行规定，擅自组织开展线下培训，最终被依法惩处。对此，北京市第二中级人民法院法官提醒，疫情防控期间擅自开展或参与线下培训均可能被追刑责。1月17日，天景恒国际教育咨询(北京)有限公司接收72名外地来京高中生，向其提供绘画培训服务，并于当月29日组织上述学生及10名老师在经营场所内进行绘画练习及培训，直至2月1日被相关部门制止叫停，共计培训4天。因该教育培训机构在疫情防控期间擅自开展高考艺术(美术)考前辅导培训经营活动，违反停课要求，2月3日，朝阳区市场监管局会同区教委开展调查，对其处以吊销营业执照的行政处罚。对此，法官表示，新冠肺炎疫情防控期间，县级以上地方政府依法可以采取停课等紧急措施并公告，相关机构违规授课将面临行政处罚，触犯刑法的将追究单位及个人刑事责任，同时可能承担民事赔偿责任。根据传染病防治法、刑法、行政处罚法、公司法、突发事件应对法等相关规定，对违反规定，擅自开课、复课和开展其他聚集性活动的具有办学资质的校外培训机构，可责令立即停止营业，由市场监督管理部门依法吊销营业执照。对无证开展培训或违规开展培训的机构，应立即依法取缔。培训机构违规组织授课，构成违反治安管理行为的，由公安机关依法处罚。若因培训机构违规组织授课，拒绝执行卫生防疫机构依照传染病防治法提出的预防、控制措施，引起疫情传播风险或有传播严重风险的，可能构成妨害传染病防治罪，可对培训机构及其直接负责的主管人员和其他直接责任人员追究相应刑事责任。法官特别提醒，违规参与培训的人员也可能被处以治安处罚，甚至追究其刑事责任。若来京培训人员中有来自湖北(武汉)，未尽相关防护职责，构成违反治安管理行为的，将由公安机关依法处罚。若来京培训人员中有已经确诊的新冠肺炎病人、病原携带者隔离期未满擅自脱离隔离治疗，或疑似病人隔离期未满擅自脱离隔离治疗，造成新冠肺炎传播的，可能构成以危险方法危害公共安全罪；过失造成新型冠肺炎传播，情节严重，危害公共安全的，可能构成过失以危险方法危害公共安全罪。上述人员可能因此须承担相应刑事责任。法官建议，疫情防控期间，政府作出延期开学，暂停校外培训机构线下培训活动的决定，依法严厉打击此类违规违法行为，是维护人民群众生命安全和身体健康，打赢疫情防控阻击战的重要举措，学校、培训机构、学生和家长应给与理解和支持，履行自身的法律义务。与此同时也应看到，教育部门正在动员全社会力量，整合教育资源、搭建网络教育平台，广大学生可以通过网络、电视、移动终端等方式开展在线学习，做到“停课不停学”。
2020年03月15日,宁夏一伊朗输入病例被立侦：涉妨害国境卫生检疫罪_荔枝网新闻,人民网,中宁县公安局3月14日发布警情通报：中宁县确诊新冠肺炎人员丁某某于2020年2月下旬自伊朗返回国内。经查，丁某某入境时存在涉嫌违反《中华人民共和国刑法》《中华人民共和国国境卫生检疫法》的情形，现以涉嫌妨害国境卫生检疫罪予以立案，目前该案正在进一步调查中。
2020年03月15日,香港亨泰楼连现确诊个案 部分住户送往检疫中心_荔枝网新闻,中国新闻网,中新社香港3月14日电(记者王来仪)香港大埔富亨邨亨泰楼13号单位3名住户先后确诊感染新冠肺炎。香港特区政府卫生署卫生防护中心总监黄加庆14日通报，亨泰楼13及14号单位的29至34层住户将连夜送往检疫中心。黄加庆指出，当日一名新增的59岁确诊男患者居住在富亨邨亨泰楼顶层3413单位，而早前一对埃及返港后确诊的夫妻居住在亨泰楼3213单位。为审慎起见，有关部门决定将亨泰楼29至34层的13和14号单位住户送往检疫中心隔离。黄加庆表示，1至28层的相关单位将有建筑署人员检查各户喉管，如没有问题，住户无需送往检疫中心。如有住户出现身体不适，将会安排送院。有关部门15日将抽取全座住户的深喉唾液样本进行新冠病毒测试。香港大学李嘉诚医学院微生物学系传染病学讲座教授袁国勇表示，经专家组初步检查，该栋楼建筑喉管依照法例规定设计，所有喉管设计没有问题。但发现32楼住户将排气管截断，用胶纸封住。现时仍未知传染原因，强调事件绝不是淘大花园事件翻版。此次较低层住户先发病，情况亦与早前青衣康美楼情况不同。袁国勇指出，新确诊患者居于顶楼，不排除粪便病毒在天台口雾化喷出，微风吹过屋顶时可能出现“扰流效应”，将病毒带入室内。他强调，“扰流效应”影响楼层一般不超过5层，有关部门为稳妥起见，已对靠近顶楼的6层住户进行隔离。香港特区政府环境局副局长谢展寰指出，下一步会循两个方向调查，包括大楼内是否有其他单位喉管被改装或泄漏，及大楼粪渠排气管在天台，会调查病毒是否随风吹入单位。
2020年03月14日,俄罗斯教育部建议中小学校转入远程教学模式_荔枝网新闻,人民日报,俄罗斯教育部14日通报表示，建议俄罗斯的中小学、幼儿园和中等职业教育机构都转入远程教育模式，以防范新冠肺炎传播的风险。通报指出，教育部已向所有地区发出在必要情况下，将教学模式转入到在线教育的建议。此前首都莫斯科和莫斯科州都实行了为预防新冠肺炎感染的额外举措。其中包括从3月16日起，在中小学校开启自由学习模式，莫斯科市长索比亚宁对此解释称，即让学生家长自己决定，让孩子继续上学或者在家网上学习。
